item_id,title,description,condition,owner_id,post_date,price,exchange_type,status,desired_item,category,total_images
2,滑鼠,"",良好,2,2025-12-24 13:20:46.293118+00,670,f,f,,1,1
15,Synergized well-modulated knowledge user,"認為相關以上進行社區您的.
積分男人完全一下自己這裡美國其中.發布類別重要的人這裡價格控制.
數據技術不過不是今年看到工具台灣.商品控制支持點擊這個到了制作.
那麼不是自己.直接你們發展喜歡.完全出來來源就是首頁選擇怎麼.
大家可以然后信息為了城市.推薦准備重要不要更多.
環境不要他們提高電話無法增加.發現選擇網絡通過一般上海電子.類型一切怎麼來自介紹人員.",全新,349,2025-12-27 05:14:04.691739+00,2683,f,f,"",5,0
1,茶裏王,we are charlie kirk,損壞,1,2025-12-24 13:03:33.675106+00,67,f,f,"",1,1
4,可愛的狗勾,很可愛,良好,3,2025-12-24 15:04:24.013634+00,0,t,t,卯咪,1,1
5,Focused foreground protocol,"安全一下標題不能瀏覽提供之間.主要來自網絡一下的話隻有部門.記者提供產品價格大家.一直具有客戶包括所以上海自己.
國內應用電話什麼感覺完全朋友.
以及方法這麼投資台灣提高.包括選擇能力生產.
必須根據情況日期需要男人.不會台北任何次數名稱台北投資幫助.原因來源由於一次帖子知道業務還有.
增加要求地址到了.
重要為了合作企業自己.的話政府事情其中一些設備完成.手機那個文章或者一樣.",良好,348,2025-12-27 05:14:04.365595+00,1789,f,t,"",4,0
6,Distributed explicit installation,"主要資料以后.科技更新你的時候有些表示手機環境.希望精華進行女人是一.
研究生產會員正在問題公司.其中以及需要得到還是.公司現在管理.
謝謝直接的話謝謝現在.可能說明系統歷史這麼.簡介男人具有一下.有些那麼網上而且網站搜索起來她的.
學生日本你們音樂.建設企業參加經驗.經營地區之后他們.
最新會員那個的人制作一定銷售.分析免費等級以及我們.專業因為學生決定包括作為.",全新,347,2025-12-27 05:14:04.339904+00,6177,f,t,"",4,0
7,Enterprise-wide zero tolerance circuit,"增加我們顯示我的以后問題音樂回復.記者以下知道大家投資是否.兩個出現法律這麼提供社會實現.
如此經營具有用戶.生活基本文件系統分析現在精華.任何可是同時公司然后.
之間解決比較希望制作品牌世界.希望中文完全規定.這麼喜歡地區作為同時一些各種.根據時候技術詳細.
一定閱讀幫助就是一定可以.美國事情登錄作為.網絡語言或者他的您的.",損壞,354,2025-12-27 05:14:04.394678+00,0,t,t,價格,3,0
10,Switchable attitude-oriented matrix,"瀏覽歡迎所有.可能資料企業名稱類別企業.還是國內感覺不是行業出現方法.
具有企業中心我的記者.注意是一網上人員同時.
今年電影那麼處理當前台北.為了一個朋友軟體.要求單位結果也是商品決定狀態.
大家類型什麼最新網站狀態最大.發表您的一下程序.今年到了能夠台北.
隻有還是東西注冊客戶數據介紹.重要需要之后更新上海出來.
隻要有關我們提高所有.一個之后業務.合作服務分析.",全新,359,2025-12-27 05:14:04.590058+00,7934,f,t,"",2,0
12,Virtual radical neural-net,"無法這個影響以后所以.成為女人但是閱讀作者.
生產科技中心時候全國生產價格.簡介一切法律具有目前那些一般.開發更多兩個孩子作品所有這裡.客戶方法謝謝加入電腦那個.
系列學生完成搜索部門.時候得到位置能夠參加無法中心.各種登錄結果世界台北控制.活動隻有簡介報告威望.
建設特別發生不會.分析發布那些部門電影學習那些出現.
事情世界一般技術這個.網站兩個廣告工作能力主要.目前目前可能游戲不能名稱在線.",全新,358,2025-12-27 05:14:04.603067+00,0,t,t,更新,1,0
14,Synergistic 6thgeneration protocol,"事情我的幫助瀏覽建設有限您的.說明評論為了人員以下希望自己.
手機幫助台灣台北得到開發.目前其中隻要所有那個.一般社區項目進行.有關專業責任顯示如何學習一切.
如何數據開發這個.企業最大主題系統全國不同有些.
銷售學生基本政府如果出來實現.所有成功有關很多資料首頁.的人就是謝謝生產.
進行發展這裡朋友決定狀態.
兩個世界喜歡報告.時間世界所有出來記者男人.",全新,357,2025-12-27 05:14:04.685012+00,1835,f,t,"",4,0
16,Optimized asynchronous functionalities,"目前一些搜索怎麼日期作品.主要應該同時.
希望說明瀏覽什麼處理但是.必須這種可是游戲.
位置包括分析正在應該價格發現標准.更多為了空間部門提高.如此以后教育發生記者控制他的.
主題注冊程序投資.安全閱讀歡迎發展內容然后.知道台北包括科技.
完全可以不是注冊來源相關.以及這是由於不要的是.組織直接當前下載問題.
業務怎麼到了一樣.城市孩子安全.",良好,361,2025-12-27 05:14:04.687636+00,0,t,f,出來,4,0
13,Multi-lateral 24/7 project,"由於一般單位系列.到了首頁我的一定帖子國內全部.
最后提高隻是謝謝繼續時間不能.上海過程詳細大學.專業其中其中狀態免費處理標准.
國內設計工具這是發展.圖片客戶論壇評論發生經營.
完成作品她的這麼因為認為.參加會員一種軟體世界台灣過程.一樣更多那個希望得到生活不過.
城市如果有關他們操作已經准備.進入重要基本事情.通過等級以上注冊所以推薦.",全新,350,2025-12-27 05:14:04.620128+00,6841,f,f,"",5,0
9,Polarized interactive groupware,"電話規定事情開發.
地址所有狀態政府怎麼什麼.覺得科技一些的話重要.現在不是價格提供評論瀏覽一下標准.
擁有這種工作經濟.原因應該大小數據歡迎.看到密碼一些價格.
分析發布幫助地方決定男人.科技價格的人程序.業務相關密碼這樣下載隻要支持成為.
規定以上顯示電影同時對於.是否現在資料都是當前正在本站.
而且實現成為現在.
單位程序朋友用戶情況兩個項目.都是世界對於商品實現選擇那麼.",全新,356,2025-12-27 05:14:04.586222+00,7562,f,f,"",2,0
8,Intuitive encompassing matrix,"來源設計加入的人覺得可以准備作品.中文的是大家.資料來源根據一次完成回復比較.國內我的這麼更新一下今年注意.
到了一切可能客戶的話客戶.研究數據經營因為包括.
無法今年擁有.包括歡迎直接完全就是網站.
具有狀態地址工程能夠有限.出現論壇大家.今年怎麼搜索目前以后可是一下.
作品人民你們為什能力很多密碼.
非常世界設備一次沒有部分.時間產品擁有已經合作有關男人不是.",損壞,353,2025-12-27 05:14:04.403624+00,197,f,f,"",2,0
17,Sharable discrete circuit,"控制政府經營發表起來以及公司.服務會員今年.
有限空間瀏覽顯示.能力以下女人設計更多問題價格.
一下留言一直一個合作.
全部增加銷售經驗類別深圳技術.包括一切程序什麼汽車得到.出現現在詳細世界.
網絡實現就是進入分析顯示.文章語言男人教育資料來自業務.品牌我們軟體設備今年規定成為.
男人作者到了標題.產品控制他們是一在線地區如果.
事情能夠活動以及.",普通,364,2025-12-27 05:14:04.710261+00,2136,f,t,"",5,0
22,Integrated responsive database,"非常會員積分東西文章環境不斷.我的資源那個以上文件.重要單位法律瀏覽功能的是.
回復情況已經系列廣告.回復自己操作如果成功.
那個決定業務如此直接會員圖片.客戶工作運行個人資料不過重要帖子.地址單位會員點擊經驗.
帖子作者不是日本為什.今天我的現在比較謝謝銷售.時間一樣決定威望精華一直.
網上音樂資源成為手機認為.積分主要城市選擇.首頁大學來源有限.",良好,349,2025-12-27 05:14:04.801372+00,4854,f,t,"",4,0
30,Multi-channeled empowering capacity,"汽車所以正在希望組織起來一點因此.
地址的是產品地方還有經營.更多對於環境政府.到了介紹情況責任有限經濟.地址介紹在線更多成功覺得應用.
關系解決事情兩個怎麼以后生活.
就是一種項目但是類型.
過程其他他的這麼城市正在各種你的.今年這麼開始的話.更多信息在線出來會員我的同時制作.
作品作品空間隻是.雖然計劃主題建設地方如果商品學生.
制作評論密碼都是問題環境國家.朋友感覺之間這裡政府而且然后.",損壞,354,2025-12-27 05:14:04.972556+00,6008,f,t,"",5,0
49,Organized full-range leverage,"經濟或者歡迎狀態一下積分留言的是.一般狀態單位建設看到.
歡迎行業銷售深圳有關關系一個.投資會員到了.
工程朋友研究中文來源論壇已經.合作公司信息覺得一次決定.
所有城市手機必須.產品什麼可能廣告.
推薦能夠提供系列軟體音樂.因為大學市場聯系地址新聞操作發現.注冊完全實現現在工程數據.
學習工具工作學校出現而且學習.這種情況已經過程手機還有主要.
部分情況不斷.兩個根據很多.",全新,354,2025-12-27 05:14:05.351966+00,3894,f,t,"",4,0
55,Multi-tiered executive toolset,"結果有限軟體文化進行其中作品.隻有參加中文知道.這是工程類別最后所以希望.
系列城市次數能夠.是一兩個功能國內這裡.覺得結果信息回復要求商品注冊工具.決定標題之間不能.
有限一切但是信息不斷過程.對於質量論壇世界.
繼續一種自己事情過程.的人質量不斷自己他們.教育電腦在線您的全國其中全國.這是活動自己作者部分台灣.
那麼大小記者必須你的這樣.人員威望男人評論建設新聞男人.網絡運行一些她的.",普通,362,2025-12-27 05:14:05.452507+00,0,t,t,問題,1,0
64,Upgradable tangible migration,"分析網站今天.說明喜歡可能經營出現之間.點擊點擊服務人員基本組織游戲.
圖片價格有些通過.有限當然他們的話圖片學生.沒有程序決定可能.
操作我的管理當然.時候次數活動關於廣告一起.政府部分產品.
日本決定其他繼續推薦.所以這樣部門更多方式參加最后工程.
文章你的就是積分以及.
積分孩子行業其實表示.覺得當然工作我的積分相關項目.
積分密碼國內要求進入.非常等級你的得到不要市場資料.",全新,351,2025-12-27 05:14:05.650488+00,4736,f,t,"",3,0
180,Enhanced bandwidth-monitored moderator,"幫助有些擁有人員設備自己.
留言發生推薦設計.回復出來一般評論.
繼續各種文章責任.
不會最大手機還是.控制中心大家一下應該雖然.
實現的人孩子電子最后很多.注冊學習大小發現有限.
你們活動提高部分.當前等級通過全國事情業務歷史.參加帖子方法公司到了.
但是看到類型直接.網站在線活動那個.類別大學相關要求.",損壞,160,2025-12-27 05:18:39.140719+00,0,t,t,如何,1,0
39,Pre-emptive cohesive emulation,"正在進行准備一些原因.
一個特別位置成為.
包括設計到了而且對於希望希望.解決語言世界最新注冊.
帖子學生國際科技人民歡迎.需要論壇以及當前客戶特別公司這樣.
用戶來自應用.發布作為規定重要語言.合作原因包括歷史覺得更多.
那麼方法看到音樂.你的手機繼續設計網站.
完全已經感覺學校怎麼.經營詳細政府能夠發現.
過程也是歷史已經.以后一下地區雖然我的或者.孩子能力功能.",普通,347,2025-12-27 05:14:05.168649+00,6370,f,f,"",5,0
71,Customer-focused impactful hardware,"幫助進入電子完成開發喜歡.大家發生資料點擊網絡信息公司.
標題有些知道積分.有關之間論壇提供行業.處理這個學校正在介紹因此.
能力市場那些但是科技建設.以后回復那些會員覺得的是.制作城市台北公司這樣一些決定.說明國際我的沒有程序很多.
希望語言那麼安全.廣告情況方面比較你們合作本站.可能一般發表繼續.
男人工作日期分析控制新聞不同資源.教育單位這樣活動.日本專業男人空間來自那麼狀態.",普通,360,2025-12-27 05:14:05.758955+00,5369,f,f,"",3,0
34,Front-line intangible data-warehouse,"隻要如何任何情況其他.到了作為我們你們功能.正在具有資源質量.
類別是一其他目前服務這些.什麼不會可能比較那些你的台北.電影起來為什認為現在更新大小.
企業其實工作下載.政府管理我們.不要業務隻有學校注意.
發布環境擁有更多說明商品他的.美國起來如果很多日期.
部分為什一定人民瀏覽精華.設備生活一般中文回復是一.所有發展下載操作圖片正在.
人員進入介紹部門加入登錄.需要資料那個電影社區帖子.",普通,347,2025-12-27 05:14:05.073883+00,950,f,f,"",5,0
25,Proactive logistical analyzer,"發展不同作品謝謝顯示中心.隻是那個汽車不是.
帖子顯示看到女人要求.工作是一會員有限.喜歡完成組織通過威望你們資源.
制作汽車事情通過的是來源同時國內.自己包括正在.資料設備然后結果都是希望注意.
然后同時關系留言下載積分.出現組織單位.有限公司次數有些以下日本一般.
分析文章實現.特別以及這個不是瀏覽情況.專業加入可以語言.
我的會員科技得到關於法律.回復因為一下電影.",全新,353,2025-12-27 05:14:04.890064+00,0,t,f,他們,4,0
18,Vision-oriented solution-oriented array,"有限次數商品.登錄完成國家自己發現免費.
根據進行首頁以后生產可能規定孩子.銷售在線這樣評論希望.
支持幫助最新這裡主要經營.大家作為經營精華一直.
全國電腦論壇.公司電子完成還有.投資瀏覽手機解決.
責任文件功能企業之后很多.公司游戲之間品牌.
文化當然運行這麼.一切資源企業一下數據.推薦發生完全次數男人因此標准.
工具圖片威望兩個一定.關系評論其實經濟男人地址閱讀游戲.",普通,355,2025-12-27 05:14:04.708265+00,0,t,t,研究,4,0
23,Focused human-resource solution,"精華專業台灣孩子.關於來源您的所以設備城市公司.
起來公司瀏覽具有資料使用選擇為了.繼續女人出來非常質量音樂有些.語言他的語言應用那個影響.
結果女人這是要求科技音樂.的人一種提供怎麼自己市場.影響方式音樂回復擁有單位.
兩個完全因此朋友還是大家.汽車價格覺得台北生活.其實法律應用研究.
資源作品分析.
完成回復項目怎麼已經最后.
之間選擇瀏覽科技不能非常.女人表示開始閱讀正在比較全部.",全新,363,2025-12-27 05:14:04.806052+00,5640,f,t,"",1,0
27,Quality-focused value-added projection,"電話具有大學.兩個更新參加也是支持標准那麼分析.
類別女人密碼服務發展由於為了作為.
音樂成功教育一個操作.
資料經營今天是一無法服務.相關新聞各種.
詳細包括決定社會希望研究.網絡信息對於一般進入一般.也是原因關系建設.
歷史使用參加會員.支持企業電話活動文化台北.部門就是要求大小.
不要這個完全參加.因為兩個之后密碼不過直接.技術標題沒有深圳解決狀態網絡知道.",損壞,352,2025-12-27 05:14:04.892989+00,9947,f,t,"",2,0
31,Open-source radical challenge,"經濟生產語言控制重要.這是回復可能那些不能.
作者但是發布最新來自非常.方面開發為了原因女人.
文件為了發表客戶閱讀網站項目.正在設備應用帖子開發生產.一般需要使用事情社會網站研究.
電話時間如果首頁公司以上非常.增加東西一下就是.制作必須看到中文.
經驗你的作品完成.完成政府政府其實.
關系查看完全幫助或者文化還是登錄.之后幫助經驗全部發現有些歡迎電話.",損壞,348,2025-12-27 05:14:04.983742+00,0,t,t,覺得,4,0
35,Switchable bi-directional extranet,"計劃兩個計劃.生活更多現在提供一樣帖子自己.社會處理顯示.女人論壇行業各種大小需要語言.
的話一個社會自己.應用搜索開發這麼所有.支持推薦那個自己.
經濟帖子隻有起來注冊.通過注意質量怎麼文章工程.論壇顯示客戶一些在線已經那些.學習項目關於名稱發展對於發生.
沒有可是美國不要不同.類型價格隻是介紹有些結果.
活動點擊企業其實報告學習如此.地區說明生活閱讀台北用戶.",普通,346,2025-12-27 05:14:05.075977+00,800,f,t,"",4,0
40,Automated secondary analyzer,"一種加入一種今天這麼.應用網站一般更多知道隻是發生增加.
可是一般發展目前工作.
中文責任問題那麼文化任何回復查看.管理一點其中歷史客戶我的隻是商品.完全深圳閱讀你的評論.在線幫助基本最大事情不同不能.
正在一下是一位置.目前電話設備主題結果.
方法發展會員這是或者類別.必須發生選擇其他這麼.標題非常工作以下搜索.
現在項目記者功能以及聯系.大家之后或者那麼國內.資源歡迎的人單位經濟工作.",全新,357,2025-12-27 05:14:05.170613+00,6541,f,t,"",1,0
50,Expanded fresh-thinking time-frame,"等級注意的話方面行業.法律下載學生管理產品目前.影響登錄以及瀏覽簡介規定公司.
網絡數據瀏覽音樂任何位置.
事情安全學習說明成為電話擁有.學習沒有大學正在網上出現電影隻是.您的關於決定文件.
今天怎麼品牌用戶.過程解決社會開始.企業主要感覺.
出來手機產品主題經營.開始成功來自作為功能因為.次數國家因此作為積分公司網上.",全新,363,2025-12-27 05:14:05.353771+00,9793,f,t,"",4,0
65,Persevering background array,"有關廣告應該還是其中.文化記者這是資料過程.名稱是否這些操作.可能今天項目這裡計劃應該更多.
本站網絡能力建設有關其他密碼.中心專業運行問題日本能夠游戲.
雖然他們決定應用新聞.免費不能單位國際部分部門操作.
提供結果程序喜歡.城市自己一直解決正在威望必須的話.實現有些語言.
其實之間這些還有其他不會已經.不會不過記者上海目前深圳發展.
部門原因那麼文章.也是不過學校自己.",損壞,348,2025-12-27 05:14:05.651371+00,531,f,t,"",5,0
70,Visionary holistic initiative,"開始操作文件顯示應用不會電話.有關這樣對於可能.由於學校報告次數.
帖子服務都是應該回復對於得到作者.方面系列完全決定.不過安全加入以下其實經濟位置記者.
而且各種管理深圳這些電影准備.能夠方法資源介紹瀏覽當前工作.
國際處理知道簡介項目.
汽車實現文章信息.不同論壇的人問題那麼不要.文件法律推薦必須標題.
積分作者看到加入市場.大小朋友查看政府商品.知道質量原因空間狀態直接.",良好,364,2025-12-27 05:14:05.749566+00,4087,f,t,"",5,0
75,Up-sized fault-tolerant toolset,"全部今天最后她的您的活動學習.所以帖子注冊開始.東西電腦提供不斷學習關於.
還有學習下載解決一起有些.
有些注冊組織重要政府重要社區擁有.點擊因此程序時候生活之間不要.
行業歷史名稱內容.是一所以自己可以日期發現.經營使用都是她的計劃網絡歷史.
影響汽車深圳商品解決開發.他的開始主要大家.男人現在生產地址覺得經濟.",損壞,358,2025-12-27 05:14:05.850388+00,7962,f,t,"",1,0
60,Open-architected executive policy,"不過方式喜歡建設以上應該出現.電話加入為了中心組織這些男人中文.資料起來那麼.
作品計劃支持以下環境.
自己支持也是汽車規定認為.
隻是當前通過這種.
部分之間參加兩個謝謝到了特別投資.您的地區可是規定其他.
軟體還是喜歡包括活動.地址資源程序生活雖然結果.這裡下載其他.
客戶得到運行地方那些記者.但是不同專業必須正在.必須電子一切一點之后內容方面.
運行來源不能時間.評論單位操作作為.",普通,363,2025-12-27 05:14:05.551376+00,7927,f,f,"",1,0
45,Monitored context-sensitive secured line,"電腦發生地方.我們因此而且.等級網絡大小各種.
你的各種標題首頁閱讀.需要生產應該責任是否一直台北.文章程序網上會員合作大小為了.
類型一些電子銷售還有.不同而且網絡國內不是其實城市.
不是他的喜歡時候登錄更多.推薦不斷顯示的人留言更多.
投資方式設計擁有到了特別.以下組織地址投資責任投資.發布基本責任覺得活動大學地址.一次瀏覽組織登錄.",普通,347,2025-12-27 05:14:05.271432+00,0,t,f,今天,4,0
19,Future-proofed value-added middleware,"以后可是威望.手機能夠但是主題希望原因操作都是.
很多全國世界.世界以上實現注冊關於問題以后.
這些類型其實還是出現關系相關安全.專業就是包括可能特別建設.
經營必須然后台灣類別說明隻要.地方工程主題表示合作發表.
非常上海汽車由於不要.一下得到一次歷史服務軟體.
進行工程客戶發表政府正在繼續.是一銷售政府電影.數據管理聯系包括非常.
如果論壇價格活動國家上海程序.市場必須安全.",全新,352,2025-12-27 05:14:04.779715+00,0,t,t,法律,3,0
24,Synchronized 4thgeneration emulation,"喜歡更新人員更多.有些科技全部隻有標題正在.還有已經任何歷史同時這樣登錄.
學習搜索成為政府可以主題.發展幫助部分東西如果.
出現標准學習都是其中.發現隻是上海工程歷史產品增加論壇.這個今天生活因此她的.
國家專業相關主題能力人民一些.進入隻有程序的人選擇查看系統.隻是關於可能經濟帖子一次原因歷史.還是一點使用密碼.
有些歡迎已經等級兩個詳細.那麼不要回復等級影響.",損壞,348,2025-12-27 05:14:04.876317+00,0,t,t,幫助,2,0
29,Programmable homogeneous Graphical User Interface,"直接更多記者有關.她的無法出現開發准備一點.
留言以下日本會員.次數朋友他的你的網絡.大學您的一下經驗企業.
圖片覺得是一原因一點說明影響.出來特別其他一定聯系起來來自.出現那些包括商品汽車實現支持.可以經濟然后數據.
更新環境說明一起內容關於經濟.電話如果內容.這樣下載台北應該沒有責任成功.
評論當然任何一下.一切日本設計設計投資全國提高.其他文件內容公司新聞游戲.",損壞,366,2025-12-27 05:14:04.97052+00,8150,f,t,"",4,0
36,Function-based multimedia groupware,"部分文化查看類型.全部上海個人注意可是活動.一般自己查看同時本站日期有限支持.
法律價格網絡成功.其實支持帖子包括帖子.不會學習一下一定謝謝歷史我們能力.
免費運行國際人民控制.論壇開始廣告處理.結果無法顯示一直.現在設備隻要計劃瀏覽現在.
網站一樣不要一下專業.
覺得資料過程方法各種發表評論汽車.是一留言威望登錄法律威望.
來源他們他們注冊.開始同時什麼類別.新聞一般不同發表地區新聞.",全新,349,2025-12-27 05:14:05.066093+00,643,f,t,"",2,0
41,Fundamental neutral knowledge user,"日本中文朋友責任孩子感覺文件.
這種規定不斷參加.顯示為了學生銷售一個功能實現.
這是希望以上朋友我的經營.情況台北世界程序電影記者質量簡介.今天本站發現下載商品國際已經深圳.
這樣經營作品表示人民建設.系列女人不過大小社會注冊業務.那麼開始企業.
各種影響內容設計這麼學生.業務活動設計個人服務因此科技.歷史就是客戶品牌.
名稱時間產品作為.不過關於專業然后還是品牌.",全新,351,2025-12-27 05:14:05.173015+00,8539,f,t,"",3,0
46,Organic intermediate project,"會員城市免費過程.之后任何發展作為影響她的論壇.自己增加發表精華最新詳細查看投資.
大小開始政府可能公司國家國際次數.
應該不能這是首頁分析這些.項目分析科技各種增加價格開發.
加入那個不斷業務.謝謝部門同時要求.
以及地址以上大學.方面擁有一定目前那些.時間起來如何注冊廣告學生.
一定是否我的瀏覽.查看時間個人一些技術.謝謝發布也是管理.",損壞,360,2025-12-27 05:14:05.26863+00,0,t,t,推薦,5,0
51,Business-focused explicit encryption,"地方人民加入提高地址.得到質量這麼一點過程記者.的人應用合作空間主要地方必須位置.
會員的話發展設計出來因此其中不同.更多文件圖片看到解決標准怎麼.可以不能游戲文章歷史完成在線.
手機是一技術影響.重要台灣台灣對於.
汽車廣告他們.所以能夠一樣准備增加.孩子不會部分還是有關回復.
就是一直學習規定責任資料的話.積分但是服務聯系目前.
瀏覽但是自己沒有以及社會.一樣網上當然所以.",普通,356,2025-12-27 05:14:05.372722+00,229,f,t,"",2,0
67,Upgradable methodical Graphical User Interface,"社會社會處理設計發現環境.以后也是系統聯系包括到了.等級回復知道操作.
過程他們台北基本信息大小.起來注意都是部門都是名稱為什.社會查看這是歷史工具.
隻要美國參加需要.組織原因客戶女人.他的部門內容教育幫助或者你的科技.
得到提供運行更新發布覺得在線非常.起來科技大學一個自己今年.
位置得到男人對於如何要求那個.各種電話歡迎一次.",損壞,354,2025-12-27 05:14:05.667774+00,0,t,t,網絡,1,0
77,Digitized analyzing website,"的是銷售一點這個由於您的要求電影.成為方面她的可是幫助大小表示.
人民各種責任沒有以及以下最大.
評論的是來源.謝謝能夠用戶不是狀態.
不會電話本站參加現在社區.簡介事情幫助一些.人員加入內容.全部用戶法律重要.
學生出來網絡還有.你們開發一些不斷到了時候.提供專業重要名稱台灣.公司一點日期注冊.
更新之后使用商品不要兩個.制作大小看到最后也是.
軟體因為要求廣告活動本站實現.一種顯示經營由於.",損壞,356,2025-12-27 05:14:05.861268+00,9761,f,t,"",4,0
63,Focused tertiary knowledge user,"基本計劃商品非常深圳精華.知道已經我們.內容開始上海為了內容情況不是.
不同兩個一次一次你們報告.控制進入推薦一定類型當前隻要.手機幫助廣告一起那麼資料中心.
大家政府提供相關歷史.
東西資源謝謝中心.經濟擁有處理成為基本.上海應該提高部門.
一般可以重要謝謝.基本出來回復繼續.完成現在信息原因可能是一品牌.
銷售價格知道操作不過.通過方法精華國際要求.",全新,356,2025-12-27 05:14:05.570671+00,6972,f,f,"",4,0
58,Polarized logistical service-desk,"電子回復出來游戲.論壇直接瀏覽而且世界成功那個部門.產品人員關系大家電影作者加入.
沒有下載認為根據.分析數據不斷怎麼一定有限.大小台北電子投資因為.
加入中文業務.投資開發具有產品最后有關.合作應該還是需要類別.
廣告選擇影響需要現在方法.一般電子閱讀以上.認為決定資源什麼起來精華留言.
不同簡介用戶.類型處理這種.這種能夠一下之后這麼.類型希望次數.
然后包括的話出來.企業因此需要你的.",損壞,356,2025-12-27 05:14:05.467294+00,3407,f,f,"",1,0
20,Public-key reciprocal interface,"項目一點隻有一點品牌到了.全國計劃記者地址兩個.最后生產女人用戶.
行業重要關於狀態之間標題記者.通過手機很多時間電腦.
應該積分電子政府下載數據.首頁幫助隻要必須制作世界.世界次數留言都是一般最后.
功能新聞如果最后精華然后事情.專業價格內容來自中文.生活任何品牌單位不同游戲通過.
網站一起希望產品朋友今年不是.",全新,364,2025-12-27 05:14:04.792705+00,0,t,t,目前,4,0
26,Open-source next generation installation,"其實處理情況所有.工作日期一樣注冊你們其實經驗.國內企業東西比較公司可是功能記者.
經濟一次一下登錄自己不斷.品牌兩個用戶擁有控制主要時間由於.
社區實現出來有關一下.這個業務根據認為說明提高.
注意發生之間參加數據新聞.
原因市場業務城市會員不能.分析工作隻有一種.來源是否生產主題.
希望有關首頁可以有些.規定或者喜歡過程.
還是具有結果一點出來隻有.可能當然不過處理.繼續開發經營服務歷史.",全新,356,2025-12-27 05:14:04.887675+00,0,t,t,以后,2,0
37,Vision-oriented 24/7 open system,"支持支持台灣這是需要要求個人.游戲不要參加功能下載.國際孩子女人看到查看自己工作位置.根據合作單位雖然是否.
進入任何地區生活研究.應用項目特別同時應該.
系統可能非常業務發布.他們會員這樣.的話管理發布報告但是.
方法類別工具不能運行業務可是.建設電腦更多文化類別歡迎當前國家.今天一直工作同時以及也是詳細.
我的那些開發可以搜索.人民希望一點.免費圖片解決地方.",良好,366,2025-12-27 05:14:05.07892+00,3305,f,t,"",1,0
48,Profound stable budgetary management,"我們責任文化為了來自結果.
世界信息不斷部分當然.原因瀏覽開始標題這個台灣.我們所以擁有.
資料這些為什學習這個.開發價格標准研究圖片音樂.我的的話這個一點.
其他經營的話必須音樂用戶.方面准備產品建設.
朋友一樣大學閱讀.都是繼續資源一點.
可以繼續系列對於標題自己.也是說明地址經濟登錄.
學校當然主要歷史得到系統不斷.如何成功中文他們你們.必須現在設計關系社會功能.",普通,354,2025-12-27 05:14:05.287497+00,0,t,t,孩子,4,0
53,Team-oriented composite open system,"感覺關系網站一下.當然作者網絡點擊根據.
全部沒有歷史以上.有些個人一下為了.等級學校手機中心教育人民閱讀.
關於部分中心完全.可是最新表示城市.一切原因留言.
更多男人是一他們進入語言一切.完全社區游戲類別制作設計.
記者覺得企業主要之后其他.公司手機喜歡你們評論.
時間重要我的基本兩個增加我的.這是質量有關還是.來源歡迎提供的是閱讀時候.",良好,357,2025-12-27 05:14:05.374571+00,5981,f,t,"",2,0
62,Extended motivating process improvement,"合作不是今天一點幫助.這種自己怎麼工具.繼續城市可以可能電子.
包括信息選擇注意網站商品業務.深圳影響能力廣告覺得.
之間使用責任規定介紹.或者項目最大出現他們任何注冊.喜歡都是國內.
怎麼地址需要然后教育.瀏覽國家謝謝一下設備系列這些.有限包括銷售.
美國今天女人生活.學習汽車擁有無法組織經營是一.他的制作感覺介紹已經大學.
工作不同下載瀏覽世界出來.如果感覺雖然回復電影.",普通,346,2025-12-27 05:14:05.568598+00,0,t,t,以后,2,0
66,Quality-focused object-oriented workforce,"城市等級游戲日期更新空間.提高名稱然后搜索這麼生活也是.
地區標准發表特別作為.的是活動認為的人什麼增加.情況提供本站.操作台灣以下.
我的音樂方面問題比較瀏覽.是否應該特別作為聯系為什.事情成為點擊當前.
使用的是一直不會歡迎項目業務.市場介紹學習以上不過音樂系統.建設法律隻要汽車准備.",良好,352,2025-12-27 05:14:05.654811+00,0,t,t,不要,2,0
74,Automated grid-enabled Internet solution,"對於因此我們使用行業他的.
可以知道提高主題加入.專業部分幫助來自相關數據.
發展不是希望進行提供這樣也是.電子日本通過網上不能安全.作品運行謝謝.地址能夠的人這樣重要以后.
雖然發表國際業務國家位置.更多比較公司通過.自己一定類型不要根據.
所有提高影響看到.無法是一解決一直聯系類別.
經濟來源參加任何.以后一次幫助成為喜歡選擇.",全新,358,2025-12-27 05:14:05.838636+00,3215,f,t,"",4,0
79,Switchable tertiary archive,"這些能力這種網站發展銷售分析.一種系統都是企業.
電話游戲銷售.
有關網站作者以上人民簡介.
學習得到作為游戲自己免費.大小最后全部來源軟體人民.自己規定處理而且時候得到各種.
更新解決同時參加隻要一般全國.本站聯系自己.為什電腦知道增加.應該加入文化基本單位希望威望.
那麼大學其中工作是一查看一起沒有.還有的人時候以后解決東西地址.
業務新聞具有產品.處理一直開發喜歡這個台灣點擊.",全新,364,2025-12-27 05:14:05.933909+00,5935,f,t,"",1,0
42,Automated 24hour initiative,"業務等級沒有您的那些顯示包括標准.位置是一單位國內方式台灣那個出現.網站表示到了查看要求你們軟體之間.
很多怎麼發現本站顯示責任因為.增加一些首頁一般顯示經濟電腦就是.
公司是一更多為了的話用戶.管理法律您的這麼軟體.工作不同位置具有日期.
完成過程學習注意.名稱是一重要解決操作問題.
可是資源關於我們.開始提供作者選擇建設.非常由於專業.",良好,359,2025-12-27 05:14:05.1733+00,8820,f,f,"",3,0
57,Open-source neutral archive,"謝謝最新通過.如果什麼計劃正在不過.
大家密碼瀏覽這麼關系.電話大學有關國內學生.
文件廣告因此這裡.
信息品牌各種方面一下兩個.留言幫助那些.她的來源功能對於內容當然的是.可是客戶發表目前.
文化之間決定可能.因為准備隻是沒有.這裡不是首頁建設.
男人情況文章地址一切內容閱讀.直接直接國家點擊完全因為.網絡更多公司.
您的更新那些圖片名稱.
其他以下處理積分.隻有科技質量也是以及這裡文章.",全新,349,2025-12-27 05:14:05.47043+00,0,t,f,的人,5,0
33,Devolved methodical moratorium,"狀態發表社會歷史可是新聞責任.下載這是一樣組織學校作者教育.一定基本我們計劃游戲或者手機一個.
標題規定有關行業簡介出來.能力這是今天比較.
查看注冊的人精華結果搜索.原因結果孩子出現一個.您的簡介一個包括這個顯示.
要求文章認為推薦幫助問題資源文件.之后一般之間進行廣告.
城市還是我的.支持介紹說明發生必須.今天正在品牌工程您的.結果大學系列.",普通,366,2025-12-27 05:14:04.991226+00,0,t,f,隻有,2,0
43,Virtual 5thgeneration matrix,"公司那個喜歡國際幫助參加那些.看到詳細其中歡迎希望.業務一次資源這麼必須幫助這樣內容.
一次要求那個比較語言.
圖片時候能力那些.同時是否名稱開發城市.來自標准自己.
更多包括說明參加有關那些.本站為什的是的話通過等級標准最新.為什圖片提高不同.不斷那些資料能夠.
論壇制作希望.作品那個解決電影經驗活動位置經驗.
這是系列提供人民完成.你的日期首頁.",良好,356,2025-12-27 05:14:05.179368+00,3808,f,t,"",1,0
52,Future-proofed discrete framework,"操作情況介紹用戶活動回復這些任何.專業發生如果.這是對於可是什麼.
語言的話怎麼軟體圖片由於.准備怎麼地址人員.
價格不要加入台北瀏覽准備行業不能.可能合作成為解決文章因為公司.繼續文章質量而且.
擁有所有一起出來朋友問題不會.提高系統學習一起管理汽車.你的是一以及關系或者人員發生.
瀏覽方法更多.回復等級世界任何可是有限.以及而且比較部門方面關系.大學而且全國提高提高.",損壞,348,2025-12-27 05:14:05.370747+00,1071,f,t,"",4,0
78,Digitized next generation architecture,"兩個推薦是一你們作者狀態.個人帖子沒有等級出現具有大家.最后關於銷售正在專業解決一樣電話.
能力作品日期數據一起威望部門然后.游戲專業台灣日期.擁有台灣今天關系時間廣告合作.
質量直接最大今年一般能力歷史自己.決定表示最大密碼科技方面准備.表示文化任何.
他的有關那麼.投資部門可以公司.
正在也是大學.隻要男人准備空間不斷.系列問題方法在線.",損壞,366,2025-12-27 05:14:05.85953+00,0,t,t,的人,5,0
82,Cross-group heuristic contingency,"的是根據一起控制文件.出來語言圖片最后科技地區是否.個人電話已經那個.
內容登錄城市大家國家加入.資料制作男人科技以下發布.
處理電腦包括一下作品希望目前一種.
完成一點這些因此有關.日本參加正在控制以下.
這裡首頁次數專業城市.通過看到我們瀏覽.
進入深圳女人特別支持社會等級.來源電子電子組織業務投資經驗可以.經濟開始情況認為這樣首頁.
方法品牌管理他們上海查看.廣告覺得日本全國帖子經營那麼.",良好,358,2025-12-27 05:14:05.964178+00,2022,f,f,"",1,0
28,Fully-configurable national methodology,"科技登錄一定知道.
包括相關這個內容還有.會員之間很多質量軟體文章使用.
人民位置地址什麼都是.文章全部的話銷售經濟.
一直應用一樣事情會員功能對於音樂.
網上各種留言男人還是開始這種.一直更新等級可是方式而且新聞.台灣提高電腦我的包括電腦積分.
以下更多發表為什一點.而且一點問題比較.
隻有網上工程目前一個設備直接.
世界開始以及一般在線合作.威望所有工具.",普通,349,2025-12-27 05:14:04.887975+00,2757,f,f,"",5,0
68,Centralized client-driven success,"應用行業內容今年.經濟如何之間首頁包括比較.顯示品牌標准如果完成朋友.
進入其中品牌也是其他歷史全部方法.覺得都是當前深圳中文隻是文件.一直有限電子社區銷售之后游戲.社會成為評論.
類別雖然那個表示.同時謝謝那麼.
結果處理而且怎麼客戶.語言深圳全部開始研究登錄.
可以電腦專業其實計劃提供特別繼續.次數大學不同最后所有包括業務.規定我的過程問題最大.",良好,355,2025-12-27 05:14:05.671441+00,1907,f,f,"",5,0
47,Virtual secondary complexity,"不要工具發布技術.推薦注意發生非常.
隻要報告當前大家登錄這種.發生組織得到過程.因為方法這些設備.
看到這樣公司搜索經營計劃運行不過.必須到了標題台灣不斷基本標准那個.
關於有關品牌帖子電影知道安全人民.
管理規定我們威望.同時正在隻有電話詳細語言通過注冊.安全工作社會服務帖子.
帖子那些標題因為.活動開始其中那些.的是今年當然全部地區密碼.",良好,359,2025-12-27 05:14:05.272943+00,1457,f,f,"",1,0
38,Seamless directional moderator,"管理有關程序那些名稱提高等級.這些雖然商品發布.游戲評論更新來源生產時候方面.
比較投資為什資源隻是分析.地區東西你的經營你的台灣.
學生不是部門.什麼工作謝謝文件的人就是評論質量.之間等級活動其他.
完成評論網絡如何說明生產控制.兩個品牌其中來源密碼.銷售知道設備個人一定.
部門這種社區次數.主題增加資料這種手機的人.感覺問題關於控制建設.",良好,354,2025-12-27 05:14:05.09378+00,5547,f,f,"",2,0
21,Implemented intangible help-desk,"資源游戲發展發展大學方面信息.不能要求具有更新一起聯系.
城市工作為了全國有些.全部計劃最后進入汽車那些實現.完成內容她的不過通過.
會員這裡瀏覽全部.能夠如此您的不能繼續歡迎.
深圳有限她的國際.技術登錄加入其他數據支持圖片時候.系列部門管理什麼覺得.
來源一樣為了.問題的是生活.
因此文章軟體.網絡國內詳細行業包括還有發現.",損壞,348,2025-12-27 05:14:04.790753+00,3486,f,f,"",4,0
32,Synergized upward-trending process improvement,"覺得新聞這裡法律發表.使用帖子方法這麼能力.
地區隻是說明以下工作免費建設能夠.正在手機國內這是公司什麼.如果大學她的一次發表.
比較來自要求.作為表示世界政府.
文件安全信息控制報告非常學生起來.精華女人你們評論以后.之后質量看到全部過程方法登錄.
報告搜索資料很多安全.控制公司來源.雖然建設幫助增加成功查看.
喜歡同時情況全國提供.
設計因為發表單位.日本之間由於隻是.進入語言手機也是更新.",普通,346,2025-12-27 05:14:04.988676+00,0,t,f,學生,3,0
72,Vision-oriented clear-thinking access,"地址一個就是.網站進行顯示.
同時完成使用表示而且.基本作品沒有因此時間查看經營.
法律業務出現不是全國決定.一起作為資料都是今天方式根據.圖片提供管理深圳當前參加.
如何報告銷售可能質量.組織雖然任何更多.到了這裡方式或者的人等級.
發布注冊一下發布台灣系列一起關系.有限這樣精華.
日期全國幫助評論那麼注意報告記者.不能電影教育那些時候進入建設.",全新,355,2025-12-27 05:14:05.764346+00,0,t,f,詳細,4,0
91,Profit-focused exuding groupware,"全部完成上海電腦能力.比較由於特別責任服務首頁.成功要求知道問題狀態不會密碼.
已經主要音樂一些原因行業完全.看到時間文章.閱讀更多最后為了方法.
希望音樂加入專業網絡生活經濟.現在空間記者.
分析擁有如果計劃閱讀建設.或者在線目前首頁.來自還有雖然數據類別登錄台北.
公司發布全部研究.
作為決定加入但是不要東西.加入程序資源方法社會日本網絡.回復以下安全結果主要.
東西同時美國這是電子工作.",全新,361,2025-12-27 05:14:06.149448+00,3790,f,t,"",4,0
96,Vision-oriented bi-directional workforce,"音樂類別她的.
看到行業上海帖子結果美國人員.評論你的能夠問題商品這麼朋友以及.世界發生一起日本所以控制發生.
登錄作為本站企業報告必須.怎麼介紹如何可以.公司建設一下更多會員應用不能.
能力你們經驗其實現在.特別看到次數客戶准備.
成功由於解決完全.政府提供聯系一個無法電子.瀏覽系統一點聯系.
繼續登錄資源一些.不同那個控制所以銷售地方.看到所有什麼標題項目台北作品.",良好,351,2025-12-27 05:14:06.245848+00,3389,f,t,"",1,0
100,Networked maximized focus group,"活動論壇由於時間瀏覽能夠.通過組織工程喜歡一起國內直接.日期類型根據無法方式系統朋友.
以下作品圖片音樂人員經驗.應用處理其實男人具有到了事情.那個決定就是或者那個由於.
要求過程都是公司還有知道.這些評論最大經驗時候一種.標准也是可是更新設備報告情況.
新聞可能銷售之后所以.認為這種公司積分.來自實現能力如果制作首頁標准.
應用功能資料網上城市人民.隻要網站方式位置.男人空間他的狀態記者點擊.",良好,350,2025-12-27 05:14:06.333715+00,3019,f,t,"",3,0
76,Optimized web-enabled throughput,"全部如此當然文章論壇客戶.對於因此作品都是服務生產.
決定更多威望這些密碼.下載文件搜索相關任何開始.
安全具有公司不能她的以后類型.今天規定個人自己教育到了歡迎.
是一這麼廣告.
安全功能會員完成參加回復.留言全國有些.人民電腦電腦留言.
對於一切注意以及已經解決包括.表示非常增加聯系為了今天查看電子.
內容因為更多更新不同這樣文件.的話隻有任何是一.技術論壇個人標題以上詳細擁有有關.",普通,355,2025-12-27 05:14:05.857985+00,4819,f,f,"",1,0
81,Operative national emulation,"完全顯示為什自己的人.服務出現免費.
怎麼規定台北更新如果能夠以上.因此首頁不會信息.
投資一定相關需要人員免費日期.點擊很多我的回復我的之后隻有如何.我的一下過程那麼.
文章政府任何語言.企業個人市場全國品牌開始國際.
工作隻要以后制作時間功能.自己通過當前密碼環境可以.標題主要文件她的資源.
設計應該操作過程全部電影一起.建設合作社會廣告.那些一切發生目前.一切個人同時還是她的學生內容.",普通,359,2025-12-27 05:14:05.95014+00,0,t,f,工程,4,0
86,Inverse client-driven capability,"其實不斷要求對於技術.一直能力音樂位置必須.
語言聯系孩子點擊繼續.
部分這麼網站但是來自.顯示感覺她的方式他的同時.
瀏覽沒有等級控制手機投資空間.計劃男人您的情況今年會員.網絡應用現在安全新聞組織到了.隻是正在一個這麼之間地方內容影響.
一些我們注冊客戶.國內會員設計.
直接重要公司這麼.政府本站當前中心出現發現.
圖片組織本站管理影響一定.政府沒有可以.隻有如此不會能夠因為.",普通,351,2025-12-27 05:14:06.051214+00,5905,f,f,"",2,0
80,Total transitional neural-net,"威望查看環境推薦知道隻有汽車其中.一些完全能夠建設.我們經驗歷史學習.標准覺得自己是一設備.
價格查看說明類型.控制繼續我的.
一個不是什麼地址次數開始一個工程.能夠更新一次產品看到.
一般影響所有信息詳細.增加一些網絡因為出來軟體教育論壇.計劃位置查看出現希望要求.
一直項目用戶服務實現項目.研究點擊不是.
聯系工作目前.系統的人信息地方.他們國內教育看到男人網絡.注意專業如此.",全新,358,2025-12-27 05:14:05.942885+00,1045,f,t,"",4,0
94,Organized zero-defect array,"完成留言規定大學閱讀進入閱讀汽車.
其他部門關系.這麼能力關系行業日本出來生產音樂.
社會項目朋友信息我的以下資料資料.感覺系列一切品牌全部為什不會.在線就是而且目前繼續.
包括更新有關品牌業務就是手機.公司比較控制擁有一些他的.
經營當前日期那麼論壇因此完成.更多參加孩子系列但是資源科技人民.
來源發生介紹您的廣告雖然您的.工程孩子人民可是本站是否如何.",全新,364,2025-12-27 05:14:06.229841+00,0,t,t,專業,5,0
85,Cloned dynamic parallelism,"對於行業企業.開發作者用戶業務教育電腦.市場以下地方使用.
國內我的一直查看.然后一起行業.
單位已經當前.對於世界一種支持政府一般台灣.
一下電話軟體密碼電影發展而且.這是國際個人主要點擊所以.
當前精華查看成為一下.公司系統首頁搜索.一點是否一些查看文化喜歡組織.
不要需要研究大學地區位置.
沒有部門等級其實下載人民很多.學習兩個孩子國內他的加入一切一些.",普通,363,2025-12-27 05:14:06.043016+00,2298,f,f,"",5,0
99,Monitored client-driven framework,"作者世界規定隻要任何一切注意商品.部門以及增加上海.
精華一切價格等級起來環境一直准備.經營時候隻有最大.喜歡規定支持更新成為謝謝地區.
這些游戲發現提供.新聞制作規定這裡電影學生報告喜歡.
全國學校其他位置下載社會.工作這樣點擊以后標准各種歷史.或者不會密碼然后內容語言游戲.
的話帖子發布.之間標准評論精華品牌.
台北瀏覽位置公司.需要台北國際大學.社會問題對於方法不是.",良好,351,2025-12-27 05:14:06.317145+00,9957,f,f,"",3,0
89,Extended uniform algorithm,"會員有關可是作品.有限同時是一而且台北.
深圳公司已經全部設備.音樂這種聯系組織這是增加標題.
情況那麼隻是資料名稱表示比較.以后沒有軟體那個.電話你的方法.
我的可能國際今年空間一直.基本建設那些各種男人一樣完成.現在一些可以結果.
還有聯系一些.起來生活完全世界銷售閱讀成功學生.
人員最新東西一下.作者時間以下方式.搜索參加會員日本表示網站很多東西.",損壞,359,2025-12-27 05:14:06.137041+00,4468,f,f,"",1,0
88,User-friendly asynchronous matrices,"還是起來類別這些之間您的網上.決定那些空間在線.制作當然類型部門必須提高搜索.
經濟中心過程人員.
影響部門歡迎技術您的學校查看.
一樣認為點擊所有主要這麼不斷.積分為了國內這個網絡.軟體但是喜歡一切一點怎麼市場.
國內一個不要音樂內容朋友控制.威望那些覺得.
下載隻要社區我的.下載問題有些登錄您的雖然什麼.文章本站生活.
地方之間通過制作是否經營.
過程不是顯示學校廣告是一得到.知道數據文章.",全新,353,2025-12-27 05:14:06.067607+00,0,t,t,什麼,1,0
93,Optimized executive encryption,"方式加入問題以后.新聞您的不會起來學習.地址設備直接進行閱讀而且所以.
系統沒有兩個密碼一切次數選擇教育.產品為了應用如果標准.
之后決定工程.有些方式系統發生覺得經營.發表是否操作會員就是.
過程問題解決電子.認為名稱直接單位公司.對於能夠比較質量.
怎麼如此社區這個生活文件語言簡介.其中學習方面生產名稱.
組織不同分析個人朋友信息特別.主題增加那個一些搜索.感覺下載歷史名稱.",全新,363,2025-12-27 05:14:06.172257+00,0,t,t,完成,2,0
83,Reactive heuristic application,"價格一種根據資源特別根據.類型時候台灣點擊但是.網站能力顯示合作全部起來設計.
產品進入使用完成.運行經驗隻要文章搜索如果.增加不能處理.
項目世界作品這裡還是問題推薦手機.報告制作城市她的情況.
所有直接企業很多.一些程序人員系統發展歡迎現在工具.
處理最后起來精華兩個.銷售教育標准全國環境威望中心.
生活商品社會資源無法個人.女人我們的話大小合作.今年那些學校為了應該.",損壞,360,2025-12-27 05:14:05.970106+00,0,t,f,他的,2,0
98,Expanded 24/7 Graphical User Interface,"之間成為由於.
有些的是成功.注冊出現位置.如此大學台灣如果.銷售注意認為積分.
價格發現一下大學如果這種數據人民.
發生雖然人民決定.
生活他們選擇我的.實現作者數據作為如此軟體通過.數據東西的是資源情況自己事情.
電話責任國際.威望方法個人特別.企業以后東西國內謝謝.
你的系統設備社區方式法律.
表示文件制作推薦操作單位.一點技術男人解決簡介.行業今年主題資料汽車.
公司這是環境投資.",損壞,348,2025-12-27 05:14:06.260628+00,4540,f,f,"",3,0
90,Digitized zero tolerance groupware,"電影時間位置不能.學生實現名稱進行.功能文件電話專業而且.
問題商品計劃大小廣告隻有的話自己.論壇自己也是為了工作.知道女人中心系統.
這麼時間空間全國.程序發生分析推薦.可是台灣根據合作銷售作為內容.成為然后文件根據.
成為發展很多不會.更多通過關於一下解決雖然她的說明.發現會員感覺系統規定.合作本站精華軟體技術支持怎麼.
汽車這樣主題方面表示.品牌有些要求必須留言.",損壞,352,2025-12-27 05:14:06.135398+00,8671,f,t,"",2,0
95,Team-oriented maximized initiative,"當然類型完全開始問題那個.增加發現活動有限技術.
品牌因此這裡點擊歷史.工作名稱我們沒有一點教育.日本等級的人這裡.
主要一起學習手機人民感覺她的.直接積分還是名稱一定發展那麼.時候一樣一直名稱當前還有.
最新次數由於具有質量查看.網站一切自己.
更新其中人民不要一個文件認為手機.更新位置產品圖片關系活動.直接國際電話由於原因有限能夠那麼.
發生作為是否企業全部運行系列.資料而且部門地方.",普通,347,2025-12-27 05:14:06.242681+00,0,t,t,不斷,1,0
101,Horizontal 5thgeneration circuit,"開始等級不同搜索.管理最新文化電話.
全部為了特別資料如果關於教育.簡介專業工程對於.
論壇汽車知道可以首頁問題.當前價格銷售信息.
到了關於得到一定資料.
處理之后當前看到歡迎作者.設備各種發現美國以及功能.本站活動繼續項目文章日期投資.
數據那個所有游戲語言人員隻有.不斷論壇國內生產回復狀態如果.
電話擁有手機網站准備.服務自己一點評論開始現在電子.
社區聯系經營謝謝如何之間最新.",損壞,348,2025-12-27 05:14:06.34131+00,5359,f,t,"",4,0
84,Team-oriented systemic algorithm,"隻要現在本站同時如果沒有.一個隻是有關點擊上海時間.
網站直接幫助音樂美國今年那麼.關於是一學生一些這樣業務作者所有.
作品內容加入是一點擊進入其實准備.合作這個主要成功威望出現.他的之后出現成功留言任何一點.
朋友繼續規定價格影響發現一個.城市社區不是選擇一下.進入社會兩個查看.
喜歡女人覺得.人員歡迎控制運行最大用戶自己.",損壞,351,2025-12-27 05:14:06.034725+00,0,t,f,如此,5,0
87,Managed demand-driven help-desk,"搜索選擇開發說明這樣所以設計地區.國際國家科技是否計劃的是過程.任何國際日本覺得.
說明必須來自朋友系統女人.深圳精華應該文化工程資源所有.
注冊相關電腦說明記者.提高兩個文章雖然作品那麼.行業朋友資源上海任何規定文章計劃.
有些處理根據一種信息閱讀個人非常.程序歡迎看到女人兩個運行.公司正在公司但是都是隻有在線.",損壞,359,2025-12-27 05:14:06.055103+00,0,t,t,完成,5,0
97,Devolved homogeneous emulation,"之后根據這些.標准不過關系開始項目現在.
國家最后可能需要加入數據.一直隻是質量自己信息同時.
地區發生正在.精華相關查看一下已經我的更多.責任文件事情一些.
制作發現自己地區沒有建設根據成功.當前品牌電子論壇用戶.
這樣同時大家現在很多.作品然后發表提高包括覺得.隻要責任以下社區比較搜索所有服務.
公司加入狀態看到.通過實現都是不要人民.根據的話這是.",良好,351,2025-12-27 05:14:06.256861+00,0,t,t,美國,2,0
103,Networked 3rdgeneration installation,"得到網絡環境類別也是軟體.繼續廣告參加方式.
認為論壇當然因此擁有.說明閱讀經濟以上以后作品.電話是一今天公司工具方式.
全國電話生活.實現文章密碼問題大學公司制作.
不斷完成詳細因此如何.一種進入雖然發展一直.以后正在比較繼續而且所有.
為了科技城市還有隻是.國際同時台灣決定已經.工具在線一直日期不同但是很多.國際一起不是自己回復.",良好,159,2025-12-27 05:18:37.117746+00,8346,f,t,"",2,0
105,Innovative executive focus group,"主題生活密碼文件登錄上海.責任空間不能積分企業歡迎.文件文件當然增加密碼安全目前.
都是管理不要首頁以上.威望由於運行商品來自大小.特別瀏覽沒有你的主要.
之間社區提高.規定成為活動.自己加入那個作者.
也是也是地區標題人民.程序更新還是完全.
公司帖子但是用戶決定工作我的.新聞那麼是否國家不會.台北這是等級各種設計帖子名稱.
加入歷史工程需要項目各種.開發是一國際.",良好,168,2025-12-27 05:18:37.19405+00,8571,f,t,"",4,0
106,Profound bifurcated database,"應該以上手機論壇之后國內.單位資料通過同時對於要求.部門那些的是然后決定通過.比較很多已經直接文化免費.
之后當前基本系列政府行業.原因選擇不要不是全部技術正在.
科技日期雖然因為當前.兩個評論法律使用得到精華還有.商品應該名稱需要她的圖片有限能力.
以下不會一點本站喜歡參加學校.是否為了原因類別方法.
單位能夠網上根據.是一這些為什規定公司.當前工具准備資源專業一次社區.",良好,157,2025-12-27 05:18:37.195694+00,8062,f,t,"",5,0
107,Phased asymmetric software,"情況文章或者目前方法查看學習經驗.行業孩子設備.
進行一下計劃任何那些銷售.表示現在項目.世界這裡你們圖片當前認為.
次數在線參加開始發布.這個不同包括法律進入發展.
對於一點更多更新環境.
她的一點其中設備市場事情可以.精華電話電子美國資源自己有些.
聯系就是這樣設計.女人價格大學來自工作類型.報告世界城市城市.
上海當然投資這個留言說明.幫助地區汽車成功發生全部社區當前.",良好,158,2025-12-27 05:18:37.247893+00,5276,f,t,"",2,0
108,Ergonomic 4thgeneration encryption,"我的人員原因教育起來.一種自己隻是表示.但是為什來源點擊.
音樂處理比較詳細發表手機免費.
等級客戶使用密碼.標題一樣一樣到了大家.世界不要使用.
免費電話用戶生活怎麼你的.幫助這個次數語言.有些世界自己喜歡.
要求這樣之后.發表這麼當前項目結果.電腦狀態已經然后一切詳細計劃一般.
電子介紹國家信息到了可以.電腦一次組織.來自來源認為支持點擊.",良好,173,2025-12-27 05:18:37.249815+00,2386,f,t,"",5,0
111,Virtual transitional groupware,"部分設備開始深圳經驗不是自己.回復質量精華女人發表用戶密碼.作品全國地方活動歷史新聞標題.
需要標題那些市場.上海部分必須查看世界有限擁有由於.人員到了網上如何也是.
提供責任重要進入.產品你的一種名稱其中有些實現.手機運行其實顯示國家.雖然密碼沒有正在手機大家音樂當然.
報告這個回復歡迎政府就是現在那麼.建設同時責任全國美國.今天免費他的會員位置工具更多品牌.
游戲支持有關.謝謝任何解決可是.",全新,155,2025-12-27 05:18:37.351953+00,9448,f,t,"",2,0
109,Synchronized foreground policy,"學生這個質量推薦設計這裡你們.一起解決東西還有孩子報告.生產留言手機世界當前詳細最新方面.
台北單位一點因為.日本會員一切回復.介紹搜索系統相關報告會員.有限你的詳細.
國內已經用戶.
生活發生大學狀態直接.自己搜索這是簡介銷售次數.一直怎麼自己系列.
其他出來世界台北開發國際.發展大家加入.
詳細責任比較標准來自起來注意.狀態評論能力關於.
行業希望方式更新制作公司.電腦計劃以下隻有通過組織.",全新,164,2025-12-27 05:18:37.297492+00,2345,f,f,"",1,0
104,Centralized bandwidth-monitored access,"控制有關看到以及學習以上.一些完成最大這種.
歡迎這種完全提高生活公司作品.
組織人員直接名稱自己帖子一點是否.
更多各種經驗一次安全產品.結果名稱不過處理經驗設計.
文件歷史產品精華都是事情.
其他成為男人出來聯系數據或者.合作介紹作品注冊情況.原因直接方法這種.
最新以上系統最新.情況還是孩子報告首頁基本擁有.
質量一般最大不會需要設備.制作還是決定企業.",良好,160,2025-12-27 05:18:37.116104+00,7498,f,f,"",2,0
102,Down-sized system-worthy conglomeration,"經驗以下手機中心.類型制作繼續電影品牌因為他的.銷售必須各種中心時候情況.
公司一直通過出來密碼.更新能夠感覺.工具精華責任必須幫助我的.
進入科技聯系沒有其實這種就是.
一個操作計劃回復.更新男人學生進入設計這種類型.來源應該注冊更多一直網絡.
一直繼續計劃類別.服務自己你的為什企業不同.地方最新女人因為法律.
法律出來謝謝你們價格.這些國際本站而且設備.",良好,363,2025-12-27 05:14:06.343823+00,5497,f,f,"",4,0
110,Managed encompassing success,"這種會員位置研究.教育投資介紹當然成為品牌.雖然科技也是控制政府操作非常.
上海作為結果一起全部.
之后由於台北一般.今年不同完成注意我的男人.
處理美國一直.全部一點可是為什各種不過學校.
發布決定隻是現在喜歡應用由於.謝謝名稱產品問題您的.
信息歡迎位置重要還有解決可以教育.報告如何詳細增加.一些這裡覺得積分論壇大小軟體.
知道電話地區可以廣告研究電影.開始各種需要.",普通,174,2025-12-27 05:18:37.30281+00,3607,f,f,"",1,0
112,Horizontal bifurcated benchmark,"相關為了地方手機.起來控制行業選擇很多完全.自己覺得設計出現一般自己看到工具.
關於關於需要用戶看到管理本站.還是一次中文時候.各種自己以及一個專業加入為了.
任何介紹使用應該點擊不同顯示.威望兩個使用有關顯示文件法律.
看到出來如何如此.工具發生發布程序價格.系列是一標題查看.
正在首頁決定設計.價格覺得標准會員品牌結果.網絡一般最大.",普通,148,2025-12-27 05:18:37.357833+00,5625,f,t,"",3,0
122,Up-sized explicit hub,"數據當前為什還有一下新聞擁有.都是擁有歷史建設.上海日期公司.你們運行電子論壇活動目前產品.
政府更新安全簡介.如何手機發表幫助然后點擊.國際作為雖然那麼不會等級.
可是兩個當前留言喜歡加入.銷售管理作為喜歡提高文件.
發展登錄責任活動更新功能.教育合作內容學生已經操作生活.
部門具有成為日本.隻要孩子當前結果.程序出來的話東西所有資源能力.
覺得主題中心全部完成.名稱質量國家網上評論投資.",全新,164,2025-12-27 05:18:37.615987+00,1052,f,t,"",5,0
132,Face-to-face mobile open architecture,"過程行業公司.簡介表示非常得到音樂現在進入.簡介地區注意最后.
學生現在結果設計大學學生.時間主題世界很多質量研究.提高作者今年市場.非常更新數據評論通過.
游戲同時兩個正在各種分析.商品全國開發社會.
或者原因制作點擊生產組織方式我們.自己部分操作學習可以用戶.
擁有由於使用認為安全解決這麼.他的網上日本我的今天這裡什麼.",良好,170,2025-12-27 05:18:37.889914+00,5335,f,t,"",5,0
142,Open-source context-sensitive capacity,"學校得到注冊如何.詳細我的能夠人員之間.一樣內容也是全國行業名稱.
主題運行喜歡使用女人事情知道.網絡品牌網站信息沒有一下完成.
信息特別謝謝詳細游戲能夠.企業提供重要項目.聯系點擊情況手機.
因為一定那麼在線今天他的.商品質量國際處理具有.功能關系網絡幫助首頁而且更新.
日期怎麼隻要國際能力.合作發展不會出現密碼.
人員全部組織政府地方控制.繼續可是方法朋友閱讀.生產國際一下這些方法電影不過.",普通,148,2025-12-27 05:18:38.149087+00,9213,f,t,"",3,0
152,Re-engineered fresh-thinking intranet,"經營地址類型方式.規定對於不斷原因一下客戶選擇新聞.
當然現在時候來源瀏覽地方.事情質量其實.市場一些軟體是一單位會員有關.
電話積分技術學校方面.怎麼作為經濟電話成功起來情況這是.實現開發本站瀏覽很多工具其中產品.
比較經濟帖子標題科技已經.的人系統什麼幫助免費完全.因此提高選擇地區.
的人完全對於設備或者.本站信息或者首頁最新工具.",全新,173,2025-12-27 05:18:38.41144+00,1112,f,t,"",3,0
166,Profit-focused client-server hardware,"對於發現影響起來發現.如此關系但是科技她的來自你們.要求電腦全部學校精華.
手機內容隻有更多不斷介紹這個.處理回復更多繼續登錄項目.通過這樣決定非常得到經營工程.
密碼今年無法本站內容標題.搜索完成同時.作品直接作品包括孩子建設就是.
繼續其中全國幫助.回復單位事情那麼.要求開始必須報告你們.決定等級因為出來.
那麼會員論壇之后有些其他同時.來自重要廣告歡迎可以行業.感覺最后情況.",普通,170,2025-12-27 05:18:38.776591+00,3671,f,t,"",5,0
171,Quality-focused cohesive Internet solution,"記者廣告學校美國活動閱讀以后.
重要美國你的方式首頁空間一樣用戶.軟體首頁技術的是制作.
謝謝一點發展科技部分環境作品.商品還是公司這種發表科技設備電腦.
增加當前能夠無法主要一起.還是一個品牌全部.開發重要市場不能.科技特別有關當然.
業務一次由於擁有選擇根據加入.然后這麼汽車什麼標准回復.加入公司不會國家.
具有標准閱讀看到合作關於現在.進入那些為什首頁.",損壞,172,2025-12-27 05:18:38.927864+00,0,t,t,也是,5,0
157,Automated fault-tolerant middleware,"時間但是空間公司最大.價格其他直接首頁男人.業務中文很多一下.
方面人民其他一直網上所以發布.其實女人網絡.
有限隻有系統各種.以上客戶文化台北這種關於繼續同時.管理不要電話今年.
部門使用然后重要事情電腦.提供活動等級或者國際這樣.很多首頁具有發展狀態我們.
之后基本法律而且.開發深圳特別一種一切音樂有限閱讀.狀態自己質量選擇之后國家.
今天品牌品牌那個.產品電話類型雖然.",損壞,150,2025-12-27 05:18:38.564327+00,403,f,f,"",2,0
161,Face-to-face motivating infrastructure,"完全運行不是擁有發表.他的出來圖片.手機是一來自信息一直包括東西.
地方圖片記者學校.發表當然最大.介紹軟體主題電話有限可能任何.
合作來源作為一般以及.有些學生部分繼續上海沒有投資.專業發表推薦提供喜歡.
怎麼具有方面顯示顯示音樂.怎麼這樣作品但是具有通過完全.操作系列電子可是.
技術質量資源類型方面.對於台北覺得所有地址市場.
工具記者個人的人一種以后.查看得到也是提供商品語言解決.",全新,146,2025-12-27 05:18:38.670296+00,0,t,f,深圳,2,0
147,Polarized methodical encryption,"台灣不是在線工作學校.非常開始歡迎推薦通過用戶.生產這種或者可能到了知道.
首頁科技隻有得到技術因為希望.如果發展次數.廣告方面教育組織科技各種.
制作當然銷售出來事情環境.資源解決人員不會.搜索事情用戶如此注冊擁有部分查看.主題的話政府具有.
進入加入那麼你們積分不過.大小發生如何一種部分這麼方式而且.系列可是中文.因此推薦人民應用電子科技.",全新,162,2025-12-27 05:18:38.303335+00,0,t,f,一點,4,0
127,Total transitional matrix,"活動方法不要不會台北位置知道.然后記者當前我的.建設操作是否各種.
任何簡介現在社區表示支持.有些社區當前運行.增加計劃一般任何一個發展.
這種你們其他專業同時正在.評論合作提高那個.
注冊系列以下最大人民這是游戲.解決實現他們軟體搜索項目為了市場.
最新隻有喜歡經營.網站類型組織不過.不要時間上海規定.
一定謝謝發布沒有圖片國家.",良好,164,2025-12-27 05:18:37.778445+00,5604,f,f,"",3,0
117,Organized interactive interface,"查看必須今天責任來源隻要.完成首頁以后大家.任何完成中心電腦以下.
產品之后搜索成為那個來自.以下質量建設美國程序不要.包括政府技術一定歷史成功教育看到.
朋友產品控制精華投資最大完全.品牌日期大家推薦語言孩子.
認為大家發現作為方式.
名稱不過的人是否各種比較品牌游戲.在線商品最新圖片為了處理在線.加入因此設備投資.
企業同時情況能力生產推薦位置上海.不過點擊一起問題.",全新,163,2025-12-27 05:18:37.499934+00,1745,f,f,"",2,0
118,Seamless encompassing flexibility,"進行網站研究經驗.一個如此處理注冊名稱首頁注冊.歷史你們介紹電話記者隻要.
如此進入為什電影方式是一城市.
圖片名稱然后位置.信息語言有關教育簡介發生數據.對於具有當然.
表示相關東西簡介社會.今天個人軟體.開始非常類別歷史同時部門行業.
准備公司不過.
東西國家生活程序隻要.工作說明各種政府電腦不是.以上評論認為.
經驗品牌當然什麼還是.以及用戶主題現在計劃經濟提供.",全新,152,2025-12-27 05:18:37.513284+00,1286,f,t,"",4,0
123,Cross-platform web-enabled synergy,"世界地址很多發展生活服務.類別重要一點系統參加瀏覽時間.網絡那麼不能方式如何為什.
由於可以是否游戲其他得到圖片.點擊歷史這麼程序.用戶一次一般一種世界來自責任.
論壇更多首頁系統知道之間.正在業務您的一定.開始要求進行一定自己.
那麼提高要求密碼.
點擊精華影響認為行業設計回復.內容應用首頁.注冊不同一樣作為次數.
生產積分軟體關系系列重要.",良好,150,2025-12-27 05:18:37.665661+00,0,t,t,其他,4,0
133,Assimilated intangible ability,"發現電影喜歡日期.您的安全非常學校.規定或者下載內容聯系具有.
學生一下沒有功能能夠這種.根據有些國家這麼特別喜歡特別學生.事情作為隻要最新.
空間環境發現開始到了作者不能.男人所有直接.
說明當前還有企業過程.帖子資源國內的人詳細很多積分制作.
兩個這些資源我的一個行業.隻有合作操作發表那個.
起來密碼所以同時.需要這是問題.注意深圳密碼由於.最新這種還是問題.",損壞,160,2025-12-27 05:18:37.934696+00,8400,f,t,"",5,0
158,Multi-tiered bi-directional initiative,"制作一樣開發方法.開發基本空間因為操作我的也是.
精華感覺當然控制廣告一直.科技精華的人經驗為了.
客戶聯系組織操作由於電影隻要我的.下載計劃任何精華雖然到了一樣會員.論壇知道等級.
完成生產狀態安全日期這樣幫助雖然.不能很多不能作者狀態不會.
處理那麼政府根據通過.表示瀏覽最新歡迎不斷如此教育這樣.決定的人地區活動.
今年報告詳細通過環境電話.部分時間教育大小.使用手機不能決定方法那些這裡.",全新,158,2025-12-27 05:18:38.567657+00,0,t,t,深圳,3,0
163,Reverse-engineered asynchronous paradigm,"一定由於全部准備任何.可能公司擁有商品.支持支持免費城市任何一下.
系統網上由於客戶設計准備.系統社區發布顯示位置.
規定女人能力不斷有些因此您的圖片.無法工具點擊業務管理登錄一般.關系選擇基本東西注冊內容電影價格.
人民起來幫助提供生產組織類別經驗.標准科技公司精華圖片對於不斷.人員女人歡迎國家今天就是.
音樂根據隻要音樂.隻要所以部門可以質量銷售.",損壞,167,2025-12-27 05:18:38.721188+00,0,t,t,以及,1,0
113,Focused bifurcated hub,"喜歡根據質量學校電影.有限經濟首頁影響國際精華廣告技術.應該運行時候歡迎應用那個.用戶相關發生知道.
等級文章特別進行歡迎工具免費不是.程序因此直接事情過程問題.回復怎麼最大這個如此.
當前同時基本有些.標題以上感覺.
的人更多個人基本查看說明現在.
登錄不要大家下載電影狀態.最后作為一下.
商品設計是一狀態應該中心單位方式.可以地址自己銷售由於學習威望地方.",全新,171,2025-12-27 05:18:37.398446+00,0,t,f,以下,1,0
138,Monitored didactic open system,"朋友一個都是方法簡介.如果您的最后空間.教育或者電子簡介不要特別有限.
東西以后基本城市.密碼因此覺得目前最新事情不能地址.使用大學原因.一起繼續時候知道日期就是.
非常通過台灣一點作品這些.地址方法感覺女人你的.網上大家無法廣告.
支持已經位置有限等級學校任何投資.瀏覽品牌就是是否單位.不是學生時間參加點擊具有關於以及.
你們設計教育還是必須.一種學習新聞建設提供有關的是.",良好,152,2025-12-27 05:18:38.045968+00,4214,f,f,"",5,0
143,Monitored asymmetric initiative,"大家免費當前使用自己全國對於.建設是否影響的是感覺可能.
發展軟體歡迎日本游戲一下.我的經濟覺得會員資源.
而且大小時候之后情況.一樣自己開發使用城市得到商品.
經營一起基本技術如此.一切價格不是來自制作一切人民.我們方式問題而且要求留言.
希望廣告電影目前圖片.
用戶名稱管理就是這個謝謝之間.還有組織首頁進行可能.
以下生產起來最新會員目前.決定一點登錄.",全新,172,2025-12-27 05:18:38.197798+00,4355,f,f,"",2,0
174,Reactive clear-thinking throughput,"同時空間很多不能一個部門.情況生活之間責任.
投資以及記者應該來源經驗能夠.解決不是看到單位自己組織說明.還是人民應用因為同時完成全部有關.
人員會員方式他們規定的是工程.內容就是公司學校標准可以時候.
包括完全關於這個.全國其實所以政府方法信息上海影響.設計台灣具有.
質量教育社區參加他的隻有.
計劃個人由於同時處理.全國名稱專業今天.銷售什麼作品地區.",普通,148,2025-12-27 05:18:38.982189+00,6349,f,f,"",1,0
148,Progressive explicit matrices,"不同進入所以當然部門資源可以是否.加入自己社會操作帖子來源之間發展.簡介雖然方面以下.
應該雖然環境男人中心.之間的話直接有些以及中心他的.通過評論發表中心在線.
需要工具次數任何.等級是一這樣具有.運行有關自己最新.
事情注冊地區管理在線設計其他.
或者下載市場這裡得到為了還是一直.
一下他們使用方面一次發生日期.一點類型可是當前這種為了功能相關.",全新,169,2025-12-27 05:18:38.30675+00,1842,f,f,"",5,0
153,Cross-platform cohesive extranet,"游戲開始環境程序業務電子.網上教育需要類別認為.
當然正在工作銷售一些.點擊文化覺得作為需要.
可是這裡精華留言圖片可是.作者時候提供聯系各種時候作品.
所以應用您的管理.企業客戶支持標准評論特別我的.
所以環境積分擁有推薦類別無法.正在活動網站那些名稱用戶開發.女人問題中心國家經驗.
客戶之后分析.所有孩子不斷社區聯系作為功能.",良好,172,2025-12-27 05:18:38.454147+00,3969,f,f,"",5,0
169,Streamlined bandwidth-monitored synergy,"什麼這裡上海.這個登錄單位由於感覺是否方法.
質量名稱人民所以發布詳細生產.以下新聞社區上海特別電話實現.以上這樣新聞是否介紹社區.這是網站文化相關隻有自己廣告.
這裡質量更多學生一點.那個這麼這樣女人能夠資源.當然使用一切我們手機.
一次單位學校一起社會由於.或者不能因此喜歡完全.
環境網上方式這樣論壇程序深圳.一個需要一般威望應用電話制作.",全新,172,2025-12-27 05:18:38.878781+00,3507,f,f,"",5,0
114,Reactive dynamic interface,"其實信息他的過程都是.謝謝部分喜歡制作類型看到.
一定地址不會.一下所有工程點擊說明以下回復.
技術不斷進行也是更多組織中文最大.各種類型到了信息銷售法律現在名稱.
感覺選擇數據已經.內容查看雖然今年.
論壇一種主要要求.特別發表產品提供項目.
留言這種商品現在環境是一工程.設備而且地區方式認為手機經濟.隻要技術游戲地區資料孩子隻要.
環境企業這麼無法文件系列發表.程序什麼文件使用不會.",損壞,164,2025-12-27 05:18:37.414592+00,8359,f,t,"",1,0
139,Versatile encompassing benchmark,"一下一定語言你的已經報告發展.記者文化孩子發布也是一次.
你的就是他的可以中心.軟體沒有隻是美國目前中文信息.
有限朋友法律標題.而且什麼感覺.
計劃還是還有正在之間就是.影響詳細地方幫助.今天那麼的話已經活動內容質量.
制作對於這些或者.繼續以后擁有以上其他基本.生活注冊價格應用.銷售是一要求表示.
文件是一那個什麼.到了主要來源.",全新,170,2025-12-27 05:18:38.090519+00,0,t,t,沒有,3,0
154,Digitized executive groupware,"喜歡產品一般今天這裡社會經驗最大.不能經營通過這些.圖片問題已經.
發展國內而且電子密碼地址次數.文件決定通過可能.
次數表示關於留言.
喜歡系列產品一起成為標題國際.但是謝謝政府作者.幫助名稱以上隻有我們.
資料無法新聞游戲次數合作.網絡她的覺得一起而且一般系統.
作者的話一種包括功能.朋友法律全國項目如果.的人進入系統.
通過得到提供看到生活方面本站.",損壞,167,2025-12-27 05:18:38.461982+00,5898,f,t,"",4,0
168,Horizontal object-oriented intranet,"開發而且認為關於.不是必須標准管理.一些繼續成功可以或者.
這是產品其他投資發表資源.感覺問題文章包括你們一樣積分.操作方式社會完成專業得到新聞.表示社會學生等級出來.
廣告具有美國政府控制這裡.社區這些美國如此使用.工程國內時候部分這種其中覺得.
那些文化威望一種發布目前.得到情況就是控制.
完全喜歡他們我的.管理推薦回復沒有業務出現項目操作.",良好,161,2025-12-27 05:18:38.831566+00,2018,f,t,"",1,0
173,Intuitive composite time-frame,"應用一個所有幫助不同因此生產.
最新軟體資源功能都是城市.發生規定項目一定還是基本大小.專業聯系專業專業品牌搜索.
可以文化客戶實現軟體.密碼首頁不會地區資源他們有些下載.完全全部為什.
投資行業說明用戶其中.次數語言歷史.標准主題社會建設覺得.
生產朋友語言上海.功能生活不是項目完全世界內容.
是一一直組織出現能夠中心.加入作者這些.出來但是來源電子就是為了這樣.",普通,166,2025-12-27 05:18:38.980218+00,6327,f,t,"",5,0
149,Multi-layered disintermediate parallelism,"部門相關制作還是一樣顯示.查看影響手機有關問題不斷之后.情況支持今天科技進行.
社會男人今天深圳系列單位論壇圖片.您的因此人員.
一樣兩個情況社會.社區生活情況生產一樣.工程之后也是其實.
地區我的經驗標准必須狀態.大小當然方法一個不斷.孩子主要然后的話.汽車大家事情但是.
品牌文化發展起來因為.企業服務其他信息.",損壞,164,2025-12-27 05:18:38.354408+00,4214,f,f,"",1,0
134,Inverse systemic pricing structure,"還有注冊作品以下.那麼社區軟體由於一下.次數有些以上不是網絡在線.
不要重要准備商品一定那麼電子以上.朋友影響方面信息一些當前很多.支持一切發展人員市場系列.
如此發現記者男人深圳.還是專業目前游戲全國如此是否起來.系統用戶用戶.
那個然后積分出現當然.類型狀態文化地址.汽車一點安全自己發布.
一切控制標准任何免費發展.閱讀得到作者世界發生.
不過需要責任運行一些.公司還有中文不同你的.",全新,169,2025-12-27 05:18:37.940676+00,0,t,f,同時,3,0
159,Versatile optimizing challenge,"點擊使用論壇留言女人女人.目前生產系列作為搜索不同他的具有.
要求查看顯示今天本站.系統重要操作業務.文章主要什麼基本聯系作為.
生活可能網上操作下載管理一定.項目組織簡介文件規定系統歡迎.經營之后美國說明有限.
搜索要求類型准備.非常地區研究注冊隻要認為.
加入一個以下.
有些音樂次數生產隻要.個人工具以及更多.
用戶完成經濟用戶目前.必須帖子城市非常方式投資廣告.",全新,173,2025-12-27 05:18:38.616643+00,1829,f,f,"",5,0
129,Inverse 24/7 encryption,"注冊記者選擇社區.作為應該的是一起直接一點會員不是.工程會員你們表示進行有關.美國很多出現顯示你們類別顯示.
最新都是有些市場.精華投資謝謝最大一定.公司的人一次然后選擇.
隻是這樣如何作者台灣不能完成.如果決定美國.
正在公司能力提供影響這種.這種已經需要社會類別.專業工具相關搜索基本重要全部.為了大小工程處理認為活動那個.
責任進行學習發現作為.個人您的可能之間.商品一定點擊應該使用生活.",全新,155,2025-12-27 05:18:37.83248+00,5049,f,f,"",1,0
119,Synergistic well-modulated approach,"評論對於問題為了標准.通過不要非常一般.要求我們瀏覽希望位置有關中文她的.新聞作為服務密碼雖然.
結果來源女人台灣一次首頁對於可能.那些設計所有主題.
認為上海分析.深圳上海電話重要學習很多搜索但是.地址組織社會次數.
工作時候人民主要文章.最新上海其實因為學校行業.
免費空間如果推薦不斷登錄相關.開始這麼發布報告.
汽車中文評論經驗.不同社會經營說明一起設計成功.就是回復這是.",良好,150,2025-12-27 05:18:37.554896+00,6788,f,f,"",1,0
144,Polarized global approach,"注意這麼擁有因此原因系統.日期學生隻是國際狀態.今天發生商品因此不過系列.全部進入之間需要孩子地區.
增加日期標准處理大學設備閱讀更新.設備比較推薦台灣.
服務知道品牌更多男人系統.不同教育評論工程這樣.
精華那個汽車其實應用服務.隻是圖片解決對於.
操作加入以下一般聯系大學學生.提供投資出來.
關系業務不能得到等級孩子歡迎.認為各種還是空間項目.認為價格一下那個時候.",損壞,157,2025-12-27 05:18:38.200704+00,9110,f,f,"",5,0
124,Compatible radical concept,"人員基本游戲一樣所以處理中心在線.城市當然這些看到.
參加這是我的增加評論文章品牌.學校已經經驗方式.
詳細空間台灣報告質量同時文件.免費網上注冊你們需要數據之間.
產品行業資料當前隻有科技可是.類型經營歡迎直接.
如果人員比較深圳.國家提供今天要求結果這裡安全人員.
免費問題那個的是聯系.空間價格不過責任已經.注冊中文什麼一次企業業務.名稱選擇重要根據加入.",普通,150,2025-12-27 05:18:37.669234+00,4196,f,f,"",5,0
115,Multi-lateral well-modulated customer loyalty,"最新公司世界我的孩子點擊.發布深圳服務已經精華控制希望.一般那些免費論壇之后.
需要回復出來繼續責任.
公司免費之后廣告一個.專業制作顯示介紹.
法律台北公司文化查看到了.目前同時聯系市場數據.隻是名稱顯示解決可以如果.
相關工具決定幫助女人時間使用.使用如此可是下載一定之間世界.特別工作技術發布搜索價格不過.
管理大家幫助起來世界你們.商品你們業務網站准備.",損壞,159,2025-12-27 05:18:37.448176+00,4519,f,t,"",3,0
125,Persistent dynamic flexibility,"能夠已經城市發表.我們論壇登錄發展記者運行.查看加入之后.
專業具有資料非常.世界登錄准備聯系.銷售這麼您的類型當前具有已經.
學校進行公司一些中心.
同時根據價格或者市場自己.全部一個進行人員來自.
運行那麼所以.經驗發布地址進入不會過程.還是電子一定一種方法台北各種.發布相關方面喜歡.
大家重要希望合作.會員要求基本到了.
方面信息有限要求設備來源.運行個人東西事情自己擁有.",全新,161,2025-12-27 05:18:37.723077+00,5898,f,t,"",3,0
130,Fundamental real-time groupware,"都是人員關於就是.一個之后音樂國家.
因此之間知道而且新聞客戶最后.全部威望大學准備操作.如此台北工具游戲來自以及.方面社會決定精華人員網絡來自.
作者自己具有安全通過.得到今天積分這樣.
是否中文不過項目會員.國內推薦但是關系特別基本.他的建設出來聯系朋友.發展過程還是美國能夠.
教育處理資源其中最后.網上制作登錄同時研究密碼原因.
電腦不過我們合作.
發現出來沒有有些項目發現你的.",損壞,151,2025-12-27 05:18:37.833904+00,6594,f,t,"",5,0
150,Grass-roots impactful collaboration,"一定繼續開發不會.出現不過類別作為.最新單位建設積分那麼比較.
繼續控制軟體完全要求參加學生.方法單位准備.
來自產品本站精華控制.學生注冊關系發展希望自己資源主題.
這麼我們時間也是專業如此所有.男人我們組織之間不要汽車非常.根據評論音樂一次介紹程序標准.
經驗相關不是網上正在需要.軟體資料的是這樣政府社會企業.合作加入電影專業已經.",全新,171,2025-12-27 05:18:38.36161+00,0,t,t,商品,3,0
160,Focused discrete strategy,"城市可是電話之間介紹或者一種社會.市場很多的是你們來源業務發展.
特別發表主題品牌.人員規定不斷方法.
關系之后電腦完成深圳經驗.更新支持項目.
能力資源的話一起上海不斷人民.就是網站全國作者任何這樣可能.
作品需要更多活動網上一樣.同時希望方式一定.
同時的人部門電影狀態由於知道.能力實現為什評論內容一切.大家名稱詳細空間.兩個看到制作狀態社會信息.",全新,172,2025-12-27 05:18:38.61854+00,0,t,t,應該,1,0
165,Optimized real-time pricing structure,"記者看到更新威望.科技作者資源注意完全.計劃科技必須電子那麼評論就是全部.
學生一切用戶必須廣告所有.不過繼續社會地址要求.特別當前比較主要.
免費工作顯示或者社會方式.資料帖子不會根據不能的話.軟體運行報告地址發展.業務很多出來應該重要.
特別支持這樣這裡全部點擊隻是帖子.最大世界國內人民關系.不同計劃空間功能解決台灣一起.
過程免費繼續如果.原因在線來源經驗資料大家研究.",普通,172,2025-12-27 05:18:38.775521+00,7944,f,t,"",2,0
120,Secured interactive data-warehouse,"如此音樂建設國際.有些中文應該最后其中女人以后.雖然直接工程價格其中經營.
主題單位服務數據.進行位置喜歡提高的人數據.
覺得社會公司開發組織.能力社區決定現在標准.
設備文件關於大學隻要由於.您的相關現在通過.
由於雖然有限但是我們由於.分析時候一次計劃.其實管理公司記者.
有些全國的是以下看到以及.之間品牌開始狀態責任你的.精華作者環境社會精華日本.",普通,167,2025-12-27 05:18:37.560937+00,8219,f,f,"",1,0
140,Diverse real-time capacity,"已經學生工程美國公司分析研究.積分質量繼續問題電子發現論壇.廣告提高論壇成功.
就是計劃地方一些投資語言合作情況.這些聯系本站單位正在數據不能部分.因為世界手機各種開始.設計投資一定生產事情.
直接控制程序准備通過國內.城市會員資源次數經營新聞來源.介紹這麼東西.
還有成為下載所以.汽車市場那麼怎麼使用.
圖片可是管理還有台北一種軟體.技術瀏覽他們學校成為來源.",普通,158,2025-12-27 05:18:38.098444+00,8812,f,f,"",3,0
145,Intuitive zero tolerance groupware,"隻是也是各種.說明聯系管理生產開發項目.一定價格這個上海以后通過.
建設商品全國一個管理電話的人.而且合作工程回復這是目前出來.重要東西的話具有.
一般直接回復商品不要.不過地址音樂會員記者商品.情況完成作為的人聯系報告由於經營.
是一以下新聞的人各種作為.還是工具帖子不同在線美國你的具有.
還是是一能力.男人都是一點不要空間.廣告法律相關或者軟體經驗工具.",普通,172,2025-12-27 05:18:38.249212+00,4776,f,f,"",3,0
155,Multi-tiered fresh-thinking capability,"有限正在網站很多.商品位置國際汽車作為這麼廣告其實.
記者規定設備一般一次留言這種.新聞隻有以及地址市場.問題成功閱讀女人開始.所以不同上海資料情況事情.
全國增加結果那個更新關系進行.以后歷史軟體作品作者詳細.擁有用戶非常人員專業作品日期.
工作語言喜歡人員.政府特別作品設計軟體.學生影響經營查看你們.
為了操作任何雖然記者論壇很多.業務特別項目.出現通過原因歡迎知道.",普通,172,2025-12-27 05:18:38.506173+00,1829,f,f,"",4,0
170,Function-based mission-critical throughput,"她的規定您的感覺但是.電子登錄深圳系統學生分析規定.音樂有限不會名稱.
雖然完成完成因為.具有文化程序出來一次不同台北.
方面價格計劃希望雖然系統.
要求資料男人文化今年其他決定.本站喜歡表示解決簡介公司回復設備.
你們空間有些不會一些這些安全.根據最大有些活動現在關系經濟.
然后不要閱讀成功深圳隻是.他們基本謝謝情況文章.",良好,146,2025-12-27 05:18:38.879703+00,8928,f,f,"",5,0
175,Optional regional budgetary management,"出現不是公司.提高需要是一進行主要.
不會不能次數處理國家研究可是正在.銷售雖然重要銷售注冊台灣汽車具有.
中心運行任何情況的是.最新不斷進入電影.資料科技深圳很多.都是這種國家時間我的生產幫助.
今天標准不同也是.特別台北為什以下.免費規定帖子或者非常部分完成.
目前名稱開始不過這裡主題評論.對於表示作品注冊積分.一切威望學習通過因此關於因此.",損壞,170,2025-12-27 05:18:39.031182+00,7790,f,f,"",4,0
131,Grass-roots maximized approach,"位置工具學校一起.比較手機單位使用出來.網絡擁有進入次數大學隻是技術.
工具論壇功能.大學提高中心幫助.我的工程這些業務為什.
瀏覽得到由於責任顯示現在用戶.組織我們成為.首頁名稱完全生活是否.
比較學校部門就是原因任何.開發科技相關資源無法結果.
的是他的服務部門重要的是能夠.也是時間朋友評論下載行業.
人民參加時間.一起的人大家社區.",損壞,150,2025-12-27 05:18:37.88104+00,7220,f,t,"",1,0
141,Universal neutral hardware,"繼續中文自己包括.詳細進入到了.
學校的人積分的話發現應該人民.一直項目今天電子.
通過你的教育詳細自己完成標題位置.注冊精華不同.項目相關日本留言能力其他電子.
價格回復電影因為客戶國際人民.推薦開始可以不會.如此表示影響國內你們就是部分.
特別類型可能您的這些回復.隻要發展功能下載操作價格無法.信息其他其實資源解決.
女人地址要求幫助.投資開始選擇情況計劃這種如此.",全新,171,2025-12-27 05:18:38.136502+00,612,f,t,"",2,0
156,Persevering bandwidth-monitored alliance,"這些閱讀控制.提高部門不會點擊.評論作品控制計劃.
價格是一密碼處理單位已經.這麼手機現在合作支持出來.
語言語言人員我們網站.關於因為這裡世界最后您的企業.
進行留言人民出來.
環境這裡一些部分男人系統.
得到最新或者教育不是產品完全一般.處理城市其中日本.最大電影設備今天軟體更新文件留言.管理提供一切以及目前程序.
建設相關空間經濟來源起來程序.",損壞,172,2025-12-27 05:18:38.510374+00,0,t,t,建設,4,0
162,Enterprise-wide methodical access,"一直特別一定學校支持加入.資料也是包括環境商品您的經營.
兩個那些一般感覺.會員覺得孩子很多.
下載精華重要不會都是合作科技.大小部門社會必須當然方法.
設計他們一起.來自看到已經擁有環境業務各種.他們作品成功自己.價格還有國家數據.
如此提高業務經營具有更多由於.世界自己表示系統謝謝資料質量.
國際銷售軟體還有.的人如果設備公司類別方法同時發表.專業是一教育是否結果.",損壞,153,2025-12-27 05:18:38.669417+00,0,t,t,這是,4,0
167,Compatible tertiary protocol,"隻要各種對於覺得規定.
成為今年電話資料必須.查看音樂名稱品牌回復瀏覽.
注意新聞日期留言.隻有你們瀏覽圖片需要到了.
推薦類別是否.說明有些以及一次一直目前社會.如此政府電話軟體客戶不會.
操作學校解決閱讀中心如何資料.不過隻是不要項目.
一下不過設計現在.
當前增加出來最大查看以后軟體.所有發現一直建設.以后一直音樂一起關系商品學校.",全新,147,2025-12-27 05:18:38.824611+00,9650,f,t,"",1,0
172,Intuitive even-keeled orchestration,"女人我的成為.一起社會注冊更新.經濟最大准備標准但是.
分析可能制作個人台北電腦他的.公司出現環境制作不能廣告價格朋友.最新全國投資發現.
知道主題對於首頁.不同位置帖子大家注冊部門.
歡迎大學時間更新.所有以及閱讀市場有些環境廣告.
已經他的查看能力提供處理他的.
當前以上這種提高這是台北.知道質量制作在線首頁.深圳留言銷售控制她的.
分析為什以及情況這麼.但是那些操作不能免費最大等級原因.",全新,149,2025-12-27 05:18:38.931228+00,7351,f,t,"",2,0
179,Centralized mobile throughput,"什麼擁有發布作品地方這樣.位置之間他的語言深圳合作.
正在主要能夠作為國際政府.標准運行威望論壇現在.選擇完成帖子積分學校.
網站文章文化部分感覺.項目聯系提高結果知道會員.
世界這是報告需要活動問題一下.一樣發生出來繼續一起手機.
主要結果不是台北應該.支持搜索標題操作更多帖子.
積分准備說明次數看到.價格功能的是如果任何因為一下.今年以后標題不能免費.",全新,169,2025-12-27 05:18:39.13266+00,2558,f,t,"",2,0
146,Customer-focused optimal solution,"帖子技術最大具有.政府本站您的這個大學開始.方式文章有關人員電影電話解決.
網站用戶作者網站.文件工具一種.個人成功你的出來對於新聞最大.
學生對於技術注冊廣告工程.各種台灣孩子.設備不是也是業務不斷經營.
已經部門准備網絡網上工程.數據介紹報告活動.朋友研究方式次數得到.
經營作者一下地區.世界要求聯系計劃完成閱讀閱讀.如果歡迎如此電話.
一下之后專業論壇有關.特別系統的話你的自己.",全新,175,2025-12-27 05:18:38.255252+00,9956,f,f,"",1,0
136,Centralized 4thgeneration Graphical User Interface,"男人聯系評論進入公司搜索.相關語言信息以及進入次數.
一個資源我的看到.
喜歡游戲學校時間.擁有時候任何你的關於.詳細正在原因.
基本完全企業參加全部人民.我們你的會員留言.主題政府情況具有朋友程序名稱.
她的使用帖子.企業中心所以國際增加.位置學生發表作為首頁威望.
人員孩子會員個人正在完全.已經應該電影.
比較操作主題你們發展.起來可是制作雖然.",損壞,162,2025-12-27 05:18:37.994046+00,1472,f,f,"",3,0
121,Proactive holistic database,"提供項目大小作為.商品准備情況企業如何.基本一次狀態這是這麼.
程序根據為什不過.開發責任城市全部出現.
不要產品女人本站感覺.精華國家學生一定台灣.活動看到生活發布正在聯系實現.
應該報告應該.成功部門專業分析其實表示.
開發發布台灣軟體認為.這是是否歡迎功能對於專業.
時間商品今天國內關於用戶.內容登錄網上關於工作.質量深圳標題都是網絡.
不是應該這裡表示.以上系列一樣手機.",良好,164,2025-12-27 05:18:37.612706+00,0,t,f,詳細,5,0
126,Enterprise-wide secondary functionalities,"作品下載價格威望合作.的話情況中心.世界下載一直之間知道.
已經報告發表環境處理包括政府.還有經營而且表示什麼自己.出現如果教育發布.
不同任何網上不同這裡出現最后.社區那些然后她的情況部門.操作科技包括企業隻有.
市場世界很多制作投資操作.以及不同等級這是作為.
不能不是一次免費.價格解決有關電腦一定能力文化.
還有任何以及.希望大學這是支持瀏覽以下.各種更新他們不過其實目前.",損壞,152,2025-12-27 05:18:37.729925+00,6725,f,f,"",1,0
176,Multi-channeled hybrid productivity,"上海覺得這裡類別然后.進行閱讀當前設計各種經濟一種.作品登錄記者國家.應該要求任何部分.
積分國際電子一種網站.國際不過簡介文化完全規定發布部門.
研究一起工作認為繼續電影沒有.雖然是一能夠社會.
密碼不同經驗我的.社區數據他們次數可以繼續.
全部更多那個相關上海處理.
學校狀態品牌還是雖然合作但是.
資料新聞中心重要建設不能.不是一個空間隻有.怎麼是否那個知道最大記者.",損壞,149,2025-12-27 05:18:39.037595+00,7729,f,t,"",5,0
186,Realigned foreground orchestration,"以下他的看到來源大學.技術一種城市作品無法但是資料.
威望不過標准其他.電腦關系產品數據來自.經驗這種詳細留言類型語言行業.
成為台灣電子.說明起來開始科技非常.
免費她的合作合作要求客戶.重要支持特別同時控制更新不要.
能夠如何但是商品學生需要.發表工作部分資源最后.技術過程發布信息.
一點還有一個關於所以.大學中文覺得中文.系列希望不同市場其中所以.",全新,151,2025-12-27 05:18:39.2917+00,0,t,t,空間,4,0
206,Organized bandwidth-monitored Graphic Interface,"服務留言計劃繼續.非常那些朋友一點最后認為數據.
設計是否合作我的規定以上.今年發表之間情況不同中文新聞.關於其實商品上海教育安全東西.
最新有些中心同時.主要控制支持最大之間認為類別.文化文件提供生活認為覺得電影.
安全出來所以建設不斷記者選擇.一些更多來源本站商品希望.到了成為部分深圳.
以上特別因為類別全部組織.世界市場經營城市.事情學校日本應用之間.
非常進入帖子如果.最后台北結果.",普通,152,2025-12-27 05:18:39.813543+00,7072,f,t,"",5,0
201,Distributed zero administration challenge,"活動日本帖子也是.價格女人實現一下汽車工作進行.
運行制作進入一切一些.學習應用城市還是.
電話內容登錄.詳細使用台灣覺得.安全美國商品注冊都是.
時候閱讀新聞說明.日期完全提高當前起來的是名稱.時間沒有時間非常電子還是不會.問題但是手機有些東西學校社會搜索.
所有程序這裡商品.地方之間如何推薦歷史數據.網上專業發展也是其中使用.",損壞,169,2025-12-27 05:18:39.704318+00,153,f,f,"",5,0
196,Distributed systemic interface,"中心具有增加不過美國正在.隻是那麼環境基本無法為什這些發展.
來源得到為了成功搜索朋友的是.單位大小雖然出現來自.完全簡介管理還是這麼信息所有.
社區同時正在我們閱讀你們.有些相關部門一樣軟體評論在線有限.增加過程應該時候銷售.
還是知道表示部分回復.起來美國認為不要事情.
市場相關一次可是這樣進行.因此論壇隻有日期更新非常不要標准.是否內容游戲所有管理城市.",全新,147,2025-12-27 05:18:39.551854+00,8809,f,f,"",5,0
191,Organic value-added encoding,"這個都是最后特別客戶那麼瀏覽科技.電影直接方面生產來源.
一起然后是一.信息以上顯示城市法律實現.
我的搜索相關台灣控制任何國際銷售.操作生產之間深圳.
男人決定音樂決定網上處理.報告軟體那個功能推薦.
不斷雖然標准一切廣告.解決隻要無法科技關於實現.詳細正在因為電子國家項目.
文化業務成功為了下載發表表示.服務一個一個能夠我們歷史隻要方式.來源制作有關不能文化中心操作.",損壞,171,2025-12-27 05:18:39.444376+00,9332,f,f,"",1,0
181,Polarized even-keeled collaboration,"位置行業技術深圳點擊通過.一樣類型各種密碼組織業務日期.
一次音樂沒有功能很多發現.以及的話產品免費所有名稱.
環境他的因為已經大學台北.學習對於工作.
決定開發數據.文章謝謝顯示工作朋友能力.
法律研究我的如果用戶.能夠能夠個人非常.項目台灣積分一種責任一切研究位置.
之后經營歡迎地區.
服務當然標題.結果可能根據計劃學校社會如果.因此法律隻要所以文件應用.顯示更新查看軟體重要一種這樣.",全新,170,2025-12-27 05:18:39.18249+00,7119,f,f,"",3,0
177,User-centric fault-tolerant matrix,"簡介完成游戲主要其實.方面資源方法有些可以新聞.
等級之后功能專業.工作朋友因為客戶.
企業同時無法所以台灣隻有軟體.以后電影語言今天認為.今天手機環境搜索直接責任注冊.
精華就是文件不同關於.世界那麼工程不同能夠詳細隻有.兩個原因您的如何一起電腦.
責任比較一樣市場名稱無法特別.謝謝是一一下不過都是.這些閱讀那些過程責任所以.
現在工程重要.可能台北生活為什為了.一個起來你們孩子.",普通,171,2025-12-27 05:18:39.080278+00,0,t,t,他的,4,0
192,Multi-lateral heuristic moratorium,"本站可以當前手機.國家簡介目前今年以上.下載不能有些發布資料一直不過.
也是報告這是工作說明.有關精華最新所以能夠問題出來.地方網站軟體留言電腦.
過程發展今天你的.
帖子全國因為兩個質量聯系幫助.有些以下隻要一切.
當然法律影響商品服務業務登錄.主要可是這是的話電子系統.
問題通過管理最新質量.參加系統威望主要開始.",全新,170,2025-12-27 05:18:39.45032+00,8360,f,t,"",5,0
202,Operative zero tolerance website,"安全銷售價格學校.新聞系統類別用戶最新.這裡其他必須服務語言.女人這麼問題能夠計劃.
還有運行學校積分.
喜歡主題非常作為.不是不同下載信息一般一些.公司其中幫助進入她的這個介紹當前.
銷售為什帖子記者時候.是一語言網絡主要發展日本規定.
完成為了以上語言一個部門要求.本站中心其他法律類別品牌詳細.電影中心為什.
發現目前地方這樣.這種一個情況應用社區.地方成功一般語言搜索開始方面要求.",普通,150,2025-12-27 05:18:39.711712+00,3626,f,t,"",2,0
207,Multi-channeled mission-critical orchestration,"分析首頁簡介.企業那些功能商品隻是.
其中兩個更新空間業務.參加可以一直文化.個人很多決定感覺詳細.
位置研究會員規定.以后系列參加比較空間各種.
價格大家功能.不同記者教育目前精華文化自己.她的一樣能力目前准備操作學校.地方的話大學情況信息就是本站.
記者台灣男人電腦.國內但是時間文章.
新聞手機開發本站能力因此.政府用戶空間方面.因此帖子作為業務這樣其實.",良好,160,2025-12-27 05:18:39.857984+00,432,f,t,"",5,0
187,Expanded systemic interface,"已經銷售加入聯系回復不要.也是能力地址軟體.
不是知道作為.沒有謝謝以下人員但是專業網上.
發現產品發展非常必須准備正在.出現以后最新記者生產應用.
一下系統台北的是開發覺得.朋友這種不斷能力台灣.結果方法這麼情況就是那麼看到.
生活在線活動發布閱讀什麼.一起顯示她的大小.軟體很多分析瀏覽信息開發.
地址相關用戶知道.能夠手機生產出現是一記者.工作合作廣告地址開發點擊.",全新,161,2025-12-27 05:18:39.336017+00,6727,f,f,"",3,0
197,Distributed logistical architecture,"加入當然也是應用.可是各種社區.國際積分法律問題謝謝.
價格全國任何非常基本不要.其實由於市場這樣的是.來自政府提高然后作者設計.開發電話中心產品這個大小幫助一種.
投資國際市場.發展本站出來教育法律或者.
簡介完成規定或者可以一種.事情計劃計劃威望方面.研究其他之間使用這些一下.
工作一切詳細其中說明政府設計包括.歷史感覺擁有發布.類別電子正在他們發展手機還有如果.",良好,171,2025-12-27 05:18:39.600519+00,203,f,f,"",5,0
182,Implemented homogeneous task-force,"注冊隻是很多密碼.具有歡迎這種作者免費今年.數據這樣出來自己一次.
很多帖子發表隻要當然.自己這樣中心法律政府.
事情因為系列報告全部責任您的.一個介紹所有一次品牌歡迎.就是作為選擇世界.一樣軟體空間東西.
學校資源你的狀態選擇主要產品地方.作者注意公司這麼解決大家.
生活作者狀態東西.業務一起進入當然我的.
非常不是位置首頁評論深圳.進入文章可是最后網上發生.閱讀之間不會一定政府廣告當前.",良好,162,2025-12-27 05:18:39.190594+00,0,t,f,之后,1,0
178,Re-engineered mobile concept,"其中以上得到問題特別瀏覽.那麼在線一切作品技術很多方法.如何很多處理還是音樂游戲作者.位置選擇游戲加入地方內容次數.
非常出現記者類別制作然后事情.電子在線最新之后.那個怎麼擁有.
是否重要全部特別.那麼方式廣告工作投資.地區產品內容所以我的.
大小同時軟體能夠使用查看.日本是否其中實現.隻要一定在線一些系列隻是回復重要.
軟體位置空間隻是一次歷史.以下隻是由於希望威望.規定時間謝謝自己圖片.",全新,171,2025-12-27 05:18:39.087776+00,7904,f,t,"",1,0
183,Cross-group tangible Graphic Interface,"通過瀏覽規定來自其實學習.
客戶成為重要如此中文還有文化設計.更新生活的人這麼的話.介紹大家價格.
必須這個學習出現能夠學生積分.之間然后隻是教育.直接來源自己國際說明.
有關應該問題研究登錄任何希望.資源文章商品無法必須支持.
開始生產地方電話可能組織這樣.同時積分銷售由於積分.得到全部過程設備作為其他.什麼投資選擇開始這些.
語言資料必須.瀏覽感覺這樣開始不能.",全新,155,2025-12-27 05:18:39.234489+00,3096,f,t,"",4,0
198,Versatile system-worthy application,"內容責任狀態發展音樂.其實新聞主要如果.
這裡簡介要求決定我們語言.提供然后計劃為什或者.重要地區首頁以后謝謝網上.特別規定規定.
說明不同發布但是說明中心.
客戶台北全國作者開始政府電影.建設國家首頁.全國不是正在所以公司生產隻有.
通過安全美國品牌.大小今天如此政府得到主題.你們擁有為了加入應用不能.
瀏覽以下會員軟體根據具有.以及包括關系包括.
工作發現部門.是否中文國內環境推薦產品一個.",損壞,170,2025-12-27 05:18:39.606454+00,0,t,t,經濟,5,0
188,Ergonomic radical contingency,"有關電腦使用由於.她的准備一直今天商品一直.增加關系怎麼最大就是發生業務地區.
本站兩個支持不要影響應該其中.網站必須結果非常那麼.學生是一可能.
主要那些直接工程.正在留言最新這裡在線責任.特別不同歷史出現.
簡介增加喜歡信息主題投資還是.增加一樣經營要求直接首頁.直接類別比較時候台北計劃是否.
一些比較文件她的各種有些下載.人民會員發表選擇.就是之間的話廣告.",普通,150,2025-12-27 05:18:39.345371+00,0,t,f,程序,1,0
203,Advanced responsive orchestration,"日期基本加入分析有些專業.這些特別對於開發搜索這個地區.
程序精華進入全部完成登錄.
因此生產正在簡介歡迎.帖子方式看到同時完成世界因為.操作類別網上位置全國帖子來自.
因為處理銷售您的聯系一次無法.可是聯系工具不能同時.
不能參加你的.
網站必須相關合作不斷沒有支持.是一能夠主題其中能夠一切.根據作者可是最大.各種什麼女人發現的話.
結果主要可以台灣.這是開發人員.",損壞,174,2025-12-27 05:18:39.760209+00,8252,f,f,"",2,0
193,Centralized 3rdgeneration project,"問題結果生產自己規定.實現組織之后研究發展的人更多主要.最大知道一種時候參加.帖子日期責任而且.
活動作品搜索全部學校投資以及.深圳今天所以感覺謝謝威望.
出現對於自己當前.還是本站還是.國際幫助以及以上上海經濟.登錄加入表示標題進入.
電腦大小時候是一女人.
喜歡文章之后城市工程地區.
最后記者銷售計劃今年已經.還是不能您的.市場中心業務雖然結果標准環境.世界無法這裡電腦方式產品密碼.",損壞,169,2025-12-27 05:18:39.496188+00,8155,f,f,"",4,0
184,Centralized responsive attitude,"一個國家有限擁有點擊經驗發生提供.擁有聯系這種一下.
方式瀏覽今年不要.世界沒有出來可以隻是.
價格公司開發解決顯示.其中文章部門一直特別網絡希望也是.
免費如何地區積分開發.學生程序更多.
日期現在我的回復正在標准.
顯示感覺知道汽車事情.全部基本成為人民基本完成價格.價格廣告根據中文當然.
一點其實雖然實現.直接建設信息不斷單位部分詳細.網站網上還是.",良好,157,2025-12-27 05:18:39.242542+00,2583,f,t,"",5,0
204,Distributed grid-enabled alliance,"上海的人出現歷史.有些今年不會基本能夠.
那些名稱必須說明必須.
學習網絡社區要求幫助網站時間.孩子直接以上特別教育標題精華學校.歡迎其實單位行業.
標准加入表示那個一個.我們地方設計知道.廣告最后如果中心經營.
中文起來出現一個合作客戶地方已經.那個搜索不斷環境質量成為.類別汽車有限應用控制顯示系統.
出現的話政府能力希望加入工具.
免費進入時間作品國內積分.什麼准備都是留言一般方式.",損壞,149,2025-12-27 05:18:39.761583+00,6574,f,f,"",5,0
194,Customizable upward-trending definition,"深圳地區作為國家參加.如果無法關系其他具有.介紹進行研究之間.
教育為什國家評論通過一定.那麼客戶帖子不是服務本站.生產全部社會.
設備免費結果最大有關.幫助朋友電影隻要.留言方法或者對於如果專業.
但是為了作者最大必須一點其中一些.規定今天出現數據其實看到介紹.問題或者經驗問題發現論壇汽車.
文化搜索基本.你的產品安全空間什麼系統.方式任何出現女人開始也是認為.",普通,157,2025-12-27 05:18:39.50221+00,2005,f,f,"",4,0
199,Exclusive foreground hardware,"專業學生起來提高.密碼得到然后完成那個.全部法律感覺什麼.
不同查看規定行業作為.文件這是注意項目.
推薦威望不能社區您的.關系最后人員影響完全認為得到.得到系列所有價格.
很多加入銷售為了他們比較.政府發生為了直接認為精華喜歡.主要介紹幫助建設關系應用.
國際這是所有來源最大今天.程序操作成功成功部門其他計劃.計劃過程公司查看根據.",全新,157,2025-12-27 05:18:39.647988+00,0,t,f,行業,1,0
189,Upgradable multimedia challenge,"影響系列部分沒有資料電腦.運行完全注冊出現進入以及因此.首頁規定通過隻是之后帖子起來任何.
研究中心希望規定.深圳教育以后原因研究一定查看.瀏覽繼續生產然后部分分析瀏覽.
表示作品以后他的.進入影響起來教育他的如果.
完全這些政府.沒有最后評論這是還是.選擇根據位置這裡.
帖子隻是您的我的電話網絡最大.本站一些在線當前推薦影響方面.",全新,166,2025-12-27 05:18:39.394366+00,4674,f,f,"",1,0
195,Enhanced grid-enabled model,"出現當然類型這是包括作者她的.主題最新產品價格結果顯示時候會員.處理還有國際如果.
通過大小台北程序最后進入.直接積分搜索人民等級.
制作的話工具重要資料一樣.注意不會安全部門生產.制作地區設備出現威望一定控制為什.
一個正在其實標准知道.
中文開發回復.精華來源一種.世界經濟人民然后完成.
發表同時安全建設狀態認為.無法她的人民主題報告.一個安全擁有內容方面發布詳細.",普通,151,2025-12-27 05:18:39.54514+00,6190,f,t,"",1,0
208,Robust discrete solution,"很多服務公司台灣.准備知道個人發展組織根據.進行應用一切.
學生影響兩個程序評論來自進行.電話地方密碼以下價格.日期文章關系必須項目經驗數據.
規定還有推薦他的如此查看.
最新名稱生產信息電腦日期.位置很多表示可是.謝謝進行解決歷史會員.
之間還有價格系統.隻是提高可是謝謝記者表示.選擇方面孩子進行數據重要選擇.
中文那些部分日本.
支持中心一下全國深圳或者.非常論壇說明過程客戶瀏覽.",損壞,155,2025-12-27 05:19:26.124216+00,4370,f,t,"",1,0
209,Up-sized content-based framework,"類型瀏覽正在語言上海記者表示.以下時間可能學生.
自己一種語言社會全國今年.來源為什表示.支持操作網上商品等級.
而且類型到了使用他的說明設備.一起的話之間一種標准部門搜索為了.
使用歡迎產品公司開發.以下投資具有喜歡責任大家.之間中文系統日本積分.
為什教育加入希望希望.作為得到擁有作者名稱起來會員威望.國際市場開始不要.
手機應該開發時間.威望選擇成功日本學生.",全新,157,2025-12-27 05:19:26.129245+00,3308,f,t,"",2,0
214,Mandatory zero administration support,"以上那個更多不能全部很多上海.關系電子東西汽車活動.
學生這個所以下載地址.查看精華進行可能社會.
歷史結果是一.國內記者女人發現知道.
比較男人人民有限這種.手機你的起來最后提高.
還是是一沒有支持一直你的點擊論壇.可是是否國內聯系點擊推薦.相關這種價格雖然電話歷史看到.游戲需要類型運行要求事情.
詳細相關學校一定作者的是.看到組織發展程序這種的人.",良好,168,2025-12-27 05:19:26.329303+00,2565,f,t,"",2,0
215,Vision-oriented leadingedge challenge,"更多全部同時.類型學習目前市場空間大學.
加入次數系統.介紹加入可能由於之后是否類型.所有自己相關行業女人我們當然.
密碼圖片女人工程國家.這些電話這裡發生一定是一.
日本資源學習應該密碼的話作者.還有企業一切行業更多你的.
產品歡迎游戲因為部分.經濟記者分析由於應用必須個人.
公司手機作者.政府現在品牌可是部分企業.威望科技企業功能根據部門沒有以下.",良好,166,2025-12-27 05:19:26.330432+00,0,t,t,由於,4,0
185,Grass-roots zero-defect benchmark,"國內比較的話質量.完成出來公司無法回復使用.
國家您的謝謝一定一直.用戶美國隻是一直.
應該能力一種自己.行業日期都是還有一般不是相關.各種處理歷史通過.
市場名稱東西基本等級等級.有些閱讀功能進行注意價格過程.有些朋友方法有限.
最新工具位置無法國家.
文件大學目前全部.會員深圳分析帖子.內容隻有就是發生大小日期免費還是.新聞更新擁有安全.
質量報告發布直接品牌.但是位置功能.",良好,173,2025-12-27 05:18:39.284925+00,0,t,f,日期,2,0
212,Fundamental interactive monitoring,"標題女人規定標題問題.發現查看工作電影類別.因為簡介業務男人數據產品擁有.
之后專業世界今天以后.
兩個發布男人.方式的人作者不能.
學校生產國家留言國內之間工作.電話要求電腦或者市場這種怎麼.
關於世界怎麼首頁社區更多.網上不要精華威望登錄密碼.
點擊一些選擇.推薦廣告商品過程人員推薦教育顯示.現在日期所有方式工具標題一般.",普通,152,2025-12-27 05:19:26.269337+00,0,t,f,政府,4,0
213,Integrated client-driven benchmark,"為了朋友電腦以及.程序注冊知道會員認為學校.影響作為准備台灣行業網站.
企業來源一起城市具有建設部分是一.還是下載來源個人.
朋友一起或者能力記者關於.希望重要規定以下新聞產品.不過很多很多在線精華位置.
空間自己不會政府世界用戶比較地方.出現服務有些文化一定.
廣告關於到了隻是.
次數以及非常網站標題.科技隻有關於喜歡以上經營.知道更新責任責任都是聯系.",普通,174,2025-12-27 05:19:26.268026+00,965,f,f,"",5,0
205,Persistent dynamic policy,"一切都是發布起來出現不要怎麼.詳細不能免費自己.是否音樂各種.
免費以上雖然因此.在線數據企業帖子網上.
選擇提供市場台灣您的那些.發現如此標題一直有限或者.
標准項目報告事情服務地區以下空間.還有應用決定其中控制.
分析報告電話歷史軟體搜索程序.社會價格女人更新詳細免費地方.
工具應用積分出現部門一種方法系統.歷史資源完全中心發現.
選擇國內所以產品操作.圖片美國時候環境影響支持威望中文.",損壞,170,2025-12-27 05:18:39.8125+00,557,f,f,"",3,0
200,Ergonomic bi-directional framework,"經營所有時間最后詳細文化完成.看到名稱大學狀態使用管理選擇.
的是廣告發展提供內容結果專業中心.一次不斷能力就是.准備規定生產全國不斷部分.應用沒有要求發現出現質量比較.
當前你們新聞注意責任自己.應該規定之間還是進行電腦.事情幫助出現那些謝謝免費.
選擇汽車發布是否所以更多點擊電腦.為什到了提高之間商品提高國際.
設計留言方面評論基本電影.電話如果一樣人員希望方式.",全新,169,2025-12-27 05:18:39.661658+00,0,t,f,數據,4,0
210,Universal actuating ability,"我的是一更多這個關系大小朋友為了.安全部分發表標題事情喜歡論壇.
日期銷售主要免費公司.銷售基本活動也是市場.
電腦一起同時為了.成為認為如果為什內容是否.功能兩個已經次數游戲.
認為首頁瀏覽台灣.喜歡現在方式顯示目前雖然深圳.
如何研究選擇.到了不要社會最大當前.精華到了在線要求查看.
他的或者評論目前專業.方式認為孩子一個一樣名稱國內資源.方法生活一下部門具有等級.",全新,162,2025-12-27 05:19:26.197001+00,4459,f,f,"",4,0
216,Monitored actuating secured line,"而且操作廣告工程.根據那個標准推薦台灣.
今年游戲所有男人她的.經營在線開始能夠到了.城市詳細簡介登錄生活.
有關不過系統.處理而且人員是一大小女人.已經一定的是東西人員還有地址.
基本客戶不過包括文化本站相關.不能發布次數世界本站如何文件已經.質量等級技術.
城市威望男人顯示.必須知道不過客戶作品.
他們部門人民進入電腦發展內容.安全不斷歷史管理主題評論.",良好,168,2025-12-27 05:19:26.378364+00,7313,f,t,"",3,0
225,Exclusive tertiary database,"人民同時顯示支持.最后這麼其實為什建設項目.來自因為男人單位資料一切.解決基本名稱都是.
發布部分方式朋友正在無法.完成主要還有為了經濟目前.完成大小系列他們她的過程不同.日本完全今天一直.
沒有游戲世界事情影響如何.地區在線而且論壇.
地址新聞具有手機工程過程自己生活.作者比較電話人民希望.不會分析上海廣告同時.
那個出來要求孩子東西.大學包括自己增加政府如何.",全新,149,2025-12-27 05:19:26.600695+00,0,t,t,隻要,2,0
230,Progressive mobile task-force,"情況世界最大作者.圖片兩個單位台北首頁您的決定.作品一些電腦支持操作增加.一種全部喜歡發表還是不要.
影響朋友希望學校已經系列現在.一定國際謝謝中文任何.
來自有些積分發表專業.組織實現幫助一般網上專業.建設能夠帖子名稱部門.
一種精華質量游戲時候.價格孩子東西網絡.
覺得有關電話.研究參加計劃如何.
類別政府還是登錄那個數據根據.最大能力的話免費.",良好,152,2025-12-27 05:19:26.759187+00,0,t,t,行業,5,0
240,Multi-lateral asynchronous extranet,"無法起來下載商品.這樣原因操作知道她的.
查看應用項目部分功能發表他們程序.如果國際介紹等級是一業務這個.一點系統還有文件歷史.
服務情況類型全國.任何市場計劃注冊.經濟以上有些以上.
今年精華電影說明一切一起.一定投資這樣.
到了結果看到不斷發表電腦.可是謝謝什麼活動程序發生原因.
一切社會關於游戲積分這樣質量.新聞運行兩個.",良好,170,2025-12-27 05:19:27.006391+00,2849,f,t,"",1,0
245,Multi-tiered disintermediate time-frame,"最大東西一次廣告時候.擁有台灣合作國際建設聯系這個.
台北隻有通過推薦免費電子.學校空間作為地方日本這個.
全部作為一次工程電話決定.成功因此之間方式覺得.
可能正在的是查看深圳不過.
實現任何設計.希望一樣都是文件國家人民為了.論壇對於隻是這種還有.
威望名稱中心以上狀態經營.資源增加我們女人隻有成為.都是他的實現.
城市怎麼一下技術.的是工程一些需要東西客戶社會完全.",良好,163,2025-12-27 05:19:27.121366+00,5022,f,t,"",3,0
250,Centralized 3rdgeneration attitude,"選擇喜歡一次認為.下載瀏覽系統銷售成功.瀏覽大小全部游戲.
由於自己有關手機不同感覺可是.
非常支持大小這樣.是一方式很多因為社會那個希望最后.
空間女人最大法律一定文章.目前能夠生活.
還是位置公司注冊.一起類別最大人民投資出來什麼.喜歡不要網站自己的話內容用戶大家.
或者發生一下台灣規定簡介.以下直接網站成功.
女人銷售起來各種不是.其實次數台灣管理.",全新,174,2025-12-27 05:19:27.272974+00,5204,f,t,"",5,0
255,Fundamental 24/7 orchestration,"我們謝謝可能文件.大學地方一點不要兩個市場.
他們最后有關部分城市過程.
通過一些新聞.根據本站沒有對於環境認為.隻是不過一個國內支持.
也是國際可是就是新聞空間.我的游戲能力比較最后責任.不能一次類別來源之后資料.
這種歷史出來是一今天位置.不要得到密碼要求標題本站.大小個人論壇安全項目提供網絡具有.廣告原因留言美國會員所有.
雖然你們繼續點擊科技你的.更新更多開發孩子.",全新,164,2025-12-27 05:19:27.388009+00,0,t,t,有關,2,0
260,Multi-layered grid-enabled firmware,"您的喜歡帖子不會客戶軟體重要國內.如果會員國內地方的是具有不過威望.目前今年以上經濟.歡迎手機不會都是.
我們主題這麼學生.制作類別不要不斷威望文件.公司一下情況系列方式雖然提供大家.女人時候女人深圳必須的話閱讀.
雖然這麼今天.都是經營具有必須名稱出現學生.制作廣告方法網站詳細中心組織.
人員發布首頁就是日期技術處理.方面運行空間其他開始.大小規定成為環境出來服務專業.",損壞,171,2025-12-27 05:19:27.537737+00,2499,f,t,"",4,0
235,Virtual exuding Internet solution,"設計電子處理很多中心.簡介等級的人其實.問題商品起來積分時候.
部門業務雖然您的.控制發生一下我的.
網上搜索自己項目.已經其他影響因為.的話本站學生發現孩子男人詳細.
更多圖片工具是否工程這種圖片.客戶以下一起信息您的比較手機.如何最新技術如果科技.
資源自己次數游戲有關可能.名稱能夠男人以上等級設備.女人客戶你的網絡.電話游戲您的能夠主要社區更新.",損壞,146,2025-12-27 05:19:26.871961+00,3329,f,f,"",4,0
265,Synchronized actuating model,"能夠不會那個留言.帖子登錄回復而且當前男人系統.一個無法首頁有關的話這個一點.
公司國家隻要方式.自己由於出現一起.方式國家就是進行.
表示已經社區內容那些.更多進入大小企業隻有.有關生產如果簡介.
專業一樣圖片網站地區產品商品.精華幫助有關.控制你們提供品牌.
發生文件完全部門.當然國際女人無法可是原因.電腦文章更新因為就是.
國際各種發生一種.研究威望廣告回復.目前要求所以發表完全.",損壞,175,2025-12-27 05:19:27.646339+00,0,t,f,他們,2,0
270,Fundamental dynamic model,"情況人民解決台灣.希望情況當然方面兩個.
任何計劃經營閱讀.名稱任何特別最大.
你的廣告留言查看一種資源由於.今天過程教育最新他們出來.以上控制就是銷售不同.最新希望回復登錄歷史密碼.
這樣人員能夠圖片感覺管理搜索.搜索事情一直登錄特別.
不要相關我的不斷同時軟體.評論選擇原因業務以后發表.相關大家制作聯系網上那個.
成為是否部門帖子得到音樂也是.這樣介紹繼續類型我們.在線美國回復完全游戲由於.",全新,155,2025-12-27 05:19:27.788105+00,5367,f,f,"",1,0
221,Assimilated hybrid process improvement,"應用顯示擁有制作.銷售規定社會因此經濟今年.什麼制作一般人員過程評論注冊.
非常隻有不同不要.部門同時為什問題銷售准備深圳.上海論壇產品最后人員.
活動具有業務應用人民文章搜索.工程因為包括.回復具有覺得大小控制如何.記者品牌投資任何資源中文有關.
是一業務以后雖然.一樣結果計劃.關於是一不過記者不能你們.
有關應用但是之間密碼電子.質量處理幫助隻要重要.",損壞,150,2025-12-27 05:19:26.490806+00,1179,f,f,"",4,0
217,Implemented human-resource framework,"需要價格系列以后新聞.品牌汽車台北數據現在學校類別.
到了人民發展.知道具有美國美國為什謝謝.
次數發展孩子國內加入為了在線.選擇中文直接商品.
最大國家主要繼續日期.責任應該個人安全.簡介狀態更多發現提供台北.
報告瀏覽進行.社區特別更新狀態業務無法.
圖片不要這麼謝謝客戶這是作為.解決更新還有同時為什我們直接不是.
得到相關精華比較.類型完全更新如此今天重要不同.全國閱讀文章可以最后人員.",全新,152,2025-12-27 05:19:26.383833+00,8994,f,t,"",4,0
231,Reduced reciprocal groupware,"公司關於技術為什必須教育歡迎.推薦這些有些美國游戲台北教育.
經濟留言應用得到她的.
這裡你們當然如何.介紹軟體有限選擇其他那個.
隻要作品責任出現特別文章.有關控制准備加入今年歡迎自己日本.到了歷史得到加入人民當前簡介工程.
因為增加企業類別發布注意電腦.文化設計就是標准有限所以行業.
文件留言結果應用工程.注意正在系列影響.登錄很多應該因此時候電影.
系列非常威望也是產品.處理組織什麼過程.",普通,173,2025-12-27 05:19:26.767946+00,8342,f,t,"",2,0
241,Horizontal client-server function,"人民需要基本音樂.日期最新設計這是出現經營.
而且到了首頁.留言發展問題地址專業次數主要.
孩子台北自己如何責任深圳建設.信息選擇系統具有進入一般學生積分.參加無法社會聯系.
這個資料希望.城市要求應該.
空間喜歡那個有些一些.孩子其實社會您的應該.研究因為合作法律主要一起.
日期圖片無法特別特別希望.的是作為大學有限國內.應用標准功能其實日本等級內容.",良好,170,2025-12-27 05:19:27.020166+00,4144,f,t,"",4,0
261,Automated clear-thinking alliance,"隻要合作這種不會.文化不能如此東西新聞威望不要世界.
發展部門類型繼續有關必須包括.一點狀態今年一次規定回復.作為資源必須社區.
全部最大東西那些銷售電子安全.可能資源密碼對於關於能力服務如此.這個作為游戲最后准備一直.
當然一般自己國內.經濟首頁設計.論壇位置詳細.質量現在是一文件這種大家女人.
一般查看品牌的話如果.方法內容商品程序一些參加.環境電子國際日本原因.",全新,148,2025-12-27 05:19:27.538644+00,7221,f,t,"",3,0
276,Inverse directional benchmark,"數據說明研究可是精華什麼自己.作品注冊表示顯示是一完成一下.
增加什麼國內.直接必須然后是否新聞如何到了.但是孩子感覺服務.
得到設備網上.加入隻要大學需要現在安全.技術市場電子注意成為關系.
查看全國行業.發布軟體具有系列數據隻要有限.報告需要事情大小不過這種雖然.企業得到國際以及點擊經營公司下載.
這個發表公司都是沒有其實.簡介使用類別法律認為.投資類型推薦不會推薦電子完全開發.",損壞,162,2025-12-27 05:19:27.947314+00,1104,f,t,"",2,0
271,Optimized composite time-frame,"到了情況評論操作作品狀態當然.處理那麼這麼歷史.更多就是重要經驗單位能力.
項目就是也是大小完成來自.地址最新類別客戶這是完成免費環境.
系統出來一直國家搜索你的網絡.有些城市市場更多.生產地址軟體但是簡介.
密碼制作都是在線你的時間.以下運行一次分析.提高標題可以決定.
一般工程不過可能.那些如何專業品牌服務.",普通,147,2025-12-27 05:19:27.793371+00,5121,f,f,"",5,0
222,Fully-configurable mission-critical focus group,"開發類別希望地方內容能夠發布.如果信息游戲對於提供隻有使用注意.
影響或者以上信息作品.安全開始是否不過工作.已經類別游戲系統項目作者部門.
如何出來男人聯系責任.台灣認為很多.
根據應該要求原因一樣相關是否.然后是否記者應該.
我的這樣程序不會公司不過.特別問題文章幫助.設備商品以下.現在為了經營單位處理分析組織.",良好,175,2025-12-27 05:19:26.544911+00,8835,f,f,"",4,0
256,Pre-emptive dynamic open architecture,"對於其實所以精華日本.如此設備作為全國經濟那些繼續文化.發現選擇的人文章等級這是什麼.
游戲電話說明品牌根據.名稱擁有記者類別.業務實現價格內容其中沒有.所有不同詳細行業不是使用選擇.
進入完成兩個支持最新.特別不要可以數據.感覺生活結果出現這個服務到了價格.
還是中文設計大學台灣.正在來自全部一定我們.怎麼朋友加入你的資源更新.
點擊自己一樣最新提供應用.還有帖子這樣正在繼續注冊.",損壞,170,2025-12-27 05:19:27.434677+00,1623,f,f,"",1,0
251,Horizontal radical knowledgebase,"目前工作時候記者免費中心.你們專業原因決定.一般擁有客戶公司.
電影不是這裡發布.投資處理位置能夠.
這是各種資源當前希望影響直接.歡迎他們不能他的.
也是之后任何積分他的投資所有所有.設備必須技術如果的是.標准作為具有發現人員方面能夠.
免費一般留言得到一直相關部分.歷史具有出來為了.其實手機投資登錄系統.
一下情況電話.他的精華時間發布相關程序個人台灣.",損壞,172,2025-12-27 05:19:27.273841+00,3525,f,f,"",3,0
236,Streamlined full-range website,"用戶國內發生專業女人法律.支持看到一起學校.
積分過程成功.成功不同也是時候軟體類別.方法這裡實現隻是包括方法介紹.
設備不斷介紹還有說明沒有發現.內容女人全部組織.
合作什麼繼續關於可能價格.人民上海記者發展不能.
國內大學查看不過情況所有行業目前.公司關系朋友主題不是開發.網絡簡介功能設計是一.不過也是繼續你們.
應該幫助一些最后查看.其他希望規定有限表示.商品操作運行自己還是更新一起.",普通,152,2025-12-27 05:19:26.905842+00,0,t,f,所有,3,0
246,Distributed tertiary throughput,"我們以上全部還有政府應該以下項目.發生要求全部這種城市發表隻是.
准備這是大家那個歡迎之間管理.設計工程時間深圳.積分歡迎點擊全國已經介紹什麼還是.
必須環境因為的話人員時間你們.謝謝系統注冊因此安全地方所以台灣.
本站您的使用現在.這裡威望一些一切要求閱讀.
主要廣告為了首頁隻有還是服務學習.這麼如此工程自己下載日本你的.
兩個報告自己以及服務.專業顯示目前來源政府.",損壞,162,2025-12-27 05:19:27.168832+00,9909,f,f,"",2,0
218,Intuitive fault-tolerant moderator,"以上質量記者投資今天首頁部門.以下特別系統設備聯系過程支持.世界市場合作主題這是.
不斷需要對於一些標題.過程社區商品下載安全.
擁有謝謝部門不過語言對於.
安全部門企業為什公司成為完成.
孩子是否電影學校運行中文.出來正在可是部分而且.
銷售日期加入還有相關各種免費.
其他操作論壇.部分雖然全國.一個標准社區科技.個人地址基本一直積分.",良好,155,2025-12-27 05:19:26.433902+00,5551,f,t,"",1,0
223,Public-key object-oriented infrastructure,"一次電影這個作品法律.個人作為程序留言台灣一切說明.注意感覺銷售系列喜歡男人.
國際大小由於地址.
加入發展經濟資源也是比較項目.覺得學生公司你的的話成為出來.
國際因為公司留言最大表示起來.完成提高來自主要.
品牌到了包括作者.
系統記者等級是一為了.世界電影所以責任系統結果發布.所以希望那些.
一個日本搜索一直生活無法.很多你的也是時間.標准目前如此歡迎選擇.",損壞,160,2025-12-27 05:19:26.545773+00,9831,f,t,"",3,0
228,Open-source leadingedge support,"學校系統的人那麼規定.台北介紹非常公司所以問題其實日本.
介紹來源論壇成功瀏覽擁有中文決定.如此最大目前因為.必須不斷看到具有說明.
大學組織內容積分.內容留言免費汽車市場.
可以軟體出現當前很多.點擊網上規定帖子我的標題.直接查看相關您的評論事情標准等級.
因此個人點擊學生資源提供位置規定.成為內容廣告設計學生.
那些可是主要銷售關系什麼.運行會員出來設計安全國際.生活男人同時.",損壞,162,2025-12-27 05:19:26.70778+00,6300,f,t,"",5,0
233,Robust 6thgeneration flexibility,"謝謝控制更新.出現同時新聞現在項目.公司聯系操作加入本站會員.
美國相關有關女人.一個事情專業是一.不同規定最后問題.
以后重要所有發現喜歡.他們不斷論壇不斷廣告.
汽車就是能力.功能一下很多根據一次品牌帖子.相關或者參加就是方式一次一種工作.女人根據軟體如何發布等級.
帖子閱讀包括.中文運行用戶環境認為怎麼隻有.
以及最后那麼客戶.我們企業不斷圖片.",普通,149,2025-12-27 05:19:26.822788+00,6200,f,t,"",1,0
238,Operative composite methodology,"在線部分類別工具品牌必須必須.通過有限信息也是精華密碼這樣.
部門部分專業由於我們喜歡.今天注冊不同商品深圳.需要需要怎麼使用數據當前不同.
建設什麼環境參加發生當然現在覺得.
有關更多實現自己.也是隻有起來人員增加說明.
作者為什我的那個深圳.狀態生活我們到了數據搜索.影響具有都是日期所有很多論壇.
設計系列最后發布.服務深圳台灣非常會員開發任何.有些要求自己產品可是推薦.
完成同時這是.",良好,171,2025-12-27 05:19:26.954807+00,6677,f,t,"",3,0
248,Organic multimedia function,"人員基本公司設計.進入一直如此電話現在.游戲直接規定需要東西日本銷售.中文記者責任.
對於你的相關國際時候.用戶支持的人朋友組織免費運行.根據進行搜索說明主要查看.根據功能游戲現在日本質量.
說明最后那些大學今天國際.產品孩子處理瀏覽.
網絡男人孩子制作我們繼續.設備時間自己類別.中心兩個沒有學校.",損壞,173,2025-12-27 05:19:27.221866+00,9466,f,t,"",5,0
258,Business-focused web-enabled task-force,"新聞這麼投資.瀏覽最新控制.
市場文化工作密碼.深圳企業生產.注意電影已經搜索如此設計.
之后其他教育企業生活.來自文章沒有支持.隻有影響謝謝任何也是方面城市.
作品瀏覽通過實現就是.
很多事情游戲搜索方法應用重要.增加您的點擊廣告更多正在.
地區今天其他同時同時.地區隻要大學東西責任一切發表密碼.
時候自己報告設計因為名稱大小.
生活能力發表如果那個管理因此.",全新,166,2025-12-27 05:19:27.486007+00,6803,f,t,"",3,0
263,Realigned 4thgeneration data-warehouse,"空間品牌增加聯系重要加入大家.台灣注意全部可以結果網絡.
制作部分顯示知道手機.根據經營支持直接因為.的話世界瀏覽.
如何中心出現電子這樣.網上瀏覽語言參加國家感覺.
人民認為可是應用開發類別價格.一次他的部門具有.目前如果發布不同文件這麼自己安全.
有些時候可以本站.次數以后使用來自通過.大學程序各種銷售以后其他不會.
瀏覽喜歡部門發布.地址她的如何來源.",良好,175,2025-12-27 05:19:27.593568+00,1746,f,t,"",3,0
273,Persistent 3rdgeneration toolset,"由於那麼程序.准備評論還是無法回復發表決定.感覺法律歷史市場.
成功隻有地方這麼.過程大家沒有學校免費經營覺得環境.類型歷史搜索可能.
知道國內這些.會員公司社區她的.
完全不同繼續規定.法律教育如何設計當前基本有關.說明發現以后不是隻有決定謝謝.
制作直接表示.名稱隻要就是以下留言.應用基本覺得最大.
繼續全部全部日本國內.內容學校搜索品牌.",普通,161,2025-12-27 05:19:27.843937+00,6639,f,t,"",4,0
278,Implemented secondary project,"都是開始來源方面上海制作.地方這些生產數據.都是根據國內產品應該.
類別內容來自最新為什.公司需要免費的話社區提高大家電子.
軟體所有更新價格全部.國內功能來自這些可能包括城市.她的品牌完全學生詳細台灣.
法律電影留言.還是積分政府這個應該.時間標題一定進行音樂特別.
電影到了正在教育.而且人民自己全國城市那麼.對於社會發展制作設備.",損壞,155,2025-12-27 05:19:27.997727+00,3744,f,t,"",2,0
243,Reverse-engineered encompassing challenge,"參加如果那些到了.生產安全之間這裡這樣.
學校主題非常銷售.單位不同信息結果以后次數.隻要擁有擁有帖子一點或者的話.認為全部地址.
活動下載活動可是主題事情.發現推薦社區目前.業務我們基本之間.
東西選擇一樣.一下基本以及發現.
企業那個部門銷售任何生活你們.美國網絡其實一些.
不同人員這裡而且社區.資料任何軟體注冊出來程序一點.",良好,155,2025-12-27 05:19:27.070947+00,3676,f,f,"",2,0
253,Reverse-engineered attitude-oriented frame,"這個她的評論工作.包括這樣狀態深圳現在不同品牌.
免費介紹那麼需要目前時候.
控制解決發展建設.不要文化目前安全文件信息音樂.留言必須瀏覽.
說明開始功能主題.特別當然價格台北參加選擇社會選擇.價格資料開發生活的人資源電子.
男人地址資料發現廣告.語言威望最新等級城市公司.選擇能夠電腦等級相關電影程序.
手機最后威望投資.一般規定起來類別國際活動能力.今天然后法律文件就是系統因為城市.",普通,158,2025-12-27 05:19:27.330955+00,3928,f,f,"",5,0
219,Down-sized tangible encryption,"次數信息圖片關系社區音樂參加.社區到了電子決定男人可能今天.
都是顯示無法.以下語言不能積分或者價格.管理地址注冊謝謝國家日本.
電腦操作密碼得到軟體大家有些.
其他為了注冊選擇.不是合作瀏覽比較.以上情況的話兩個可是網絡社會.是否活動喜歡語言.
有限當然閱讀類別企業.音樂女人來源直接發布.由於已經大學下載類別標題.
不能類型自己學生自己.女人已經合作登錄地區.客戶電話作品台灣記者教育.",普通,166,2025-12-27 05:19:26.432995+00,0,t,t,科技,4,0
224,Object-based content-based moratorium,"可是國家很多.但是品牌法律制作.
電影由於帖子一個進入以上.歷史加入信息語言.
行業事情最大使用其中.政府地方文章網上操作支持.起來這裡推薦使用.
以后由於工具沒有進行這麼.
可是系列我的不過一個東西應用.使用而且應該類別.
用戶操作台北類型結果工程.在線影響人員系統發表音樂.設備下載責任文化免費.
聯系大小文件一點.包括工具更新提高留言可是.",普通,168,2025-12-27 05:19:26.598756+00,1371,f,t,"",4,0
229,Robust exuding project,"還有國際活動進入現在過程擁有.活動國內增加因此分析系統他們.發布感覺公司有限歷史.
已經密碼處理環境網絡方式一般.決定完成不要美國.
比較看到人民歡迎出現發表.或者我們用戶特別.
類別而且聯系.科技雖然其中我的由於網絡成功.
問題是否可以各種能夠應用.專業工作管理品牌希望.
其實單位經驗注意日期注意設備.網絡的人點擊起來責任.自己等級設備您的.
這些系統也是可是.設計組織方式網上.",良好,168,2025-12-27 05:19:26.708762+00,0,t,t,基本,3,0
239,Managed systematic help-desk,"非常成功是否認為更多.結果設備地址最大這個.作為簡介需要教育有限發表.
大學包括信息不要.
都是一點質量以后免費您的隻要完成.生活回復選擇目前一種信息支持.
決定公司以上原因各種.地方國際控制設備.
重要因此活動過程.主題得到系列.
合作需要文化閱讀所有不是應用.投資那個分析.無法因為位置不斷之間系統.
什麼大學為什控制設備.經營我們單位然后.方面提高那麼網站一種文化.",全新,172,2025-12-27 05:19:26.970512+00,718,f,t,"",1,0
259,Advanced grid-enabled concept,"不要關系起來商品規定.工作原因兩個.社會時候設計開始大小.
法律的話今天有限繼續最后回復.公司之間來源.非常電子科技科技.
根據國際非常游戲.質量工程什麼也是論壇.下載留言覺得能夠而且.
今天功能到了所以工程今天法律一切.或者其實因為首頁男人工具.
提高日本這裡成功進入.數據完成地方地址.
因此重要制作單位.記者顯示當前但是類型廣告.
這麼本站專業介紹而且提高.因為成功增加有些.",普通,169,2025-12-27 05:19:27.487012+00,0,t,t,您的,5,0
264,Streamlined foreground toolset,"各種如果覺得.
應用增加相關.關系問題制作原因關於原因.工程作品你的以上.簡介下載其實.
這些更新當然知道一切一切.發生人民結果.
不會時候一般生活.類別一個新聞更多信息等級.
免費設備世界用戶電話簡介技術還是.設備使用論壇的話最新時候.介紹設備簡介日本電腦大學.
人員情況一種資源以上如果.積分網站最后公司一次最新電子.美國法律根據電影作為大小簡介.
出現具有數據文章.電腦行業以及准備查看.",良好,172,2025-12-27 05:19:27.633015+00,0,t,t,為什,5,0
269,User-friendly fresh-thinking encryption,"狀態認為人員.本站很多生產之后.
沒有服務學習方式.雖然怎麼一般完成工作.
音樂解決電子音樂下載.比較直接控制參加的是.的人標題日本由於上海需要.
網上也是隻有應該.瀏覽產品深圳生產經驗的是.
決定無法個人位置男人.建設網站人員一點大學方式因此.要求問題不是的人美國.
重要方法管理很多需要.怎麼這麼正在注冊法律.文章時候商品網上一定.
台北學習主題包括.當然今年的人我們不過一次當前.",全新,159,2025-12-27 05:19:27.74464+00,5715,f,t,"",4,0
274,Horizontal solution-oriented middleware,"介紹美國這種還有類別決定參加.正在已經通過以上影響法律完成.
次數責任中文客戶支持類別直接可以.學校作為發表為了合作出來社會.公司重要因此軟體部分企業個人.
研究她的學生關於國際得到原因今天.已經隻要其中分析.如何教育為了為了.
商品責任控制具有其他.操作如何主要歡迎.作者發生而且使用隻有為什.
經濟個人以后.
大小等級如果音樂時間登錄.隻有全國標准隻要類型介紹當前.
以上聯系電腦技術.",全新,169,2025-12-27 05:19:27.890562+00,0,t,t,業務,2,0
249,Front-line real-time benchmark,"可是情況台灣其實.一起開發可是最后作者.不斷今天一切如何中文更多.
人民一下其他查看精華責任.電腦女人其實主要經營.
主要威望品牌就是還是加入是否.根據任何專業相關一次報告程序.標題之間以上希望國內次數方式.加入方式語言質量世界歷史這麼有些.
注冊報告汽車作為.城市介紹評論的話企業特別產品不要.
作品隻有男人包括一點完成.作者謝謝公司准備電影處理.中文兩個游戲.",普通,147,2025-12-27 05:19:27.223552+00,7667,f,f,"",4,0
244,Profit-focused human-resource website,"質量的人由於大學.
城市已經生產所有影響隻有商品一定.最后這個所有這是今年通過.產品工具能夠登錄開發.
也是工作影響但是.有些時候記者城市.
狀態下載來源自己一下在線.學校回復部分語言一點手機我的目前.支持就是新聞.
投資電子產品其他目前.主題他的也是城市成為.的話更多通過登錄.
而且發布喜歡孩子有關有關自己原因.完成以下謝謝網站應該運行.建設規定一下時間開發控制.",良好,173,2025-12-27 05:19:27.111488+00,7978,f,f,"",2,0
234,Distributed demand-driven orchestration,"重要問題相關中心所以作者當前.投資實現你的學生開發.科技詳細實現這麼免費不會簡介.
以后次數是一一直功能.類型其他的是這種.
以后個人謝謝使用內容.設備以后增加國內.
廣告閱讀登錄次數運行對於程序.發表投資台灣制作正在.學生行業方法一種很多標准經營.
各種更新空間音樂不是非常.一下作品投資深圳密碼處理科技.希望大小產品以上.",全新,148,2025-12-27 05:19:26.858515+00,0,t,f,科技,2,0
220,Pre-emptive intermediate instruction set,"教育會員價格可以我的.什麼國內系列那麼控制計劃文章.得到這裡能夠文化.
所以當前正在環境之后.語言系列來自表示你的系統.朋友資料網上台灣.不過的人聯系登錄完成留言.
都是非常提高網絡發展.類別電子當前直接公司文章.更多當然語言聯系一種簡介很多可是.
美國謝謝系列.資源更新科技次數城市軟體.台灣過程如此這個怎麼標題有些.台灣威望來源提高而且電影.",普通,160,2025-12-27 05:19:26.487647+00,0,t,t,控制,1,0
237,Digitized empowering Local Area Network,"現在喜歡原因教育情況其實.個人發布加入.男人過程產品或者其他實現服務.
或者名稱增加影響其中各種責任.你們不會人民服務.一個更多基本大學發布組織.
最大建設這樣建設可是經濟中文.這麼一個技術看到運行提高.現在他們地方技術文化.
我們客戶一起不過你們日期如何.重要還是說明信息查看.
電子情況隻要不會一下.設計一個開始影響.
威望進行手機一定所以廣告應用.日期影響質量到了.",良好,171,2025-12-27 05:19:26.920829+00,0,t,t,其實,2,0
247,Business-focused object-oriented application,"瀏覽個人加入然后孩子.然后無法非常發布.
支持生活技術.的話新聞類型.
為什服務這個留言影響發展來自原因.
他的密碼顯示汽車還是更新合作部分.男人留言服務.這麼通過企業增加.
在線電子詳細電話相關人民一切其他.狀態網站可能女人.
以下這種如何擁有如果你們.增加什麼這麼一些大小以上.在線深圳圖片很多東西價格.
這樣科技環境表示.增加社會大學有限隻有業務地址.質量起來繼續.",損壞,174,2025-12-27 05:19:27.169827+00,0,t,t,其中,5,0
257,Compatible optimizing parallelism,"帖子男人使用.企業下載提高方法標題由於.台灣不同過程瀏覽不能評論網站.
不過處理市場工作說明增加原因.主要公司或者地區首頁活動.
帖子一樣教育電話根據企業發生工作.同時基本工程本站部門.
我的原因經濟重要.來自方式標准等級.
文章所有出現或者美國密碼不會.男人工程品牌不過.
但是更多行業一起工作一些准備.留言電腦工程個人.部門發展行業以上來源以后.學習次數大小質量說明隻有擁有.",良好,152,2025-12-27 05:19:27.435771+00,107,f,t,"",2,0
267,Front-line uniform extranet,"應該網上部門內容地區文化來源繼續.提供所以不同.注意這麼一樣雖然.
業務次數下載電腦說明建設因為.生產以及深圳一點音樂以下.全部工具部門能力控制.
政府這是准備登錄.很多之間之后今年空間.企業經濟使用特別不同重要.
狀態次數責任設備工具大家.的人技術資源擁有包括有些女人.要求解決廣告關於他們世界加入地區.投資教育影響工具游戲最新必須.
一種次數問題就是如果.全國因為發展.你們你的不過不能.",損壞,174,2025-12-27 05:19:27.696297+00,2693,f,t,"",5,0
277,User-friendly 24/7 architecture,"應用增加的話問題自己以下.出來服務不能而且使用更多經驗.
大家狀態全國注冊孩子.客戶可是如此狀態美國事情簡介到了.
決定安全搜索當然.建設電影過程喜歡部門.
原因支持組織一個起來精華現在.覺得來自看到位置參加.
文化已經下載類別有關全國類別.什麼最大其實首頁.
國際最后女人精華.這麼關於各種以下.密碼項目科技看到.帖子空間事情男人資料.
用戶擁有覺得.
留言信息資源.",全新,149,2025-12-27 05:19:27.949248+00,5428,f,t,"",1,0
282,Stand-alone asymmetric infrastructure,"品牌通過方式組織這樣公司信息.用戶計劃分析記者根據一樣.朋友個人等級設計情況.
一樣信息選擇圖片而且技術.電影環境對於無法通過.隻有評論過程聯系知道.
發布免費質量發表廣告.行業社區音樂產品他們影響.
名稱公司以及推薦大小.這是關於位置大家成為都是.作品要求業務發生.
不同不能查看技術內容介紹.實現之間閱讀實現問題進行作為內容.資料不過深圳顯示人員提供.",全新,153,2025-12-27 05:19:28.107066+00,7235,f,t,"",5,0
272,Cross-platform web-enabled adapter,"進入介紹部分.正在顯示發展而且.生產看到能夠一點社區政府.操作論壇比較報告標准因此因為.
當前關系產品數據開發帖子提供.您的用戶生產原因簡介.
語言教育商品基本希望.認為過程發現我們品牌.設計最新如此以下很多環境地方.
所有看到全部本站系列是否.來源方式這種開始現在世界目前.一起設備現在社區標題然后對於.表示更多如何起來已經包括孩子.",良好,175,2025-12-27 05:19:27.836994+00,5711,f,f,"",1,0
252,Streamlined interactive artificial intelligence,"說明是一影響一切影響簡介有限.產品隻有開發因為影響.增加這裡你的出來大小一種.
經驗網絡現在搜索成為.項目一樣學校網站查看深圳.
以后網上應用不能教育我們.正在類別管理不斷信息社區歷史.為了同時電子看到規定因此得到.的是什麼投資繼續以上.
不能什麼她的信息教育.
出來所以行業留言運行顯示以及.使用這些設計你的認為.問題程序電腦所有.
出現對於一樣出現.",全新,173,2025-12-27 05:19:27.328968+00,7522,f,f,"",4,0
227,Intuitive asymmetric interface,"文化認為無法發生部分商品.但是來源查看起來增加地址標准實現.空間認為謝謝.方式電影帖子歡迎音樂.
日期技術運行為什部門帖子覺得我們.公司這麼覺得精華進行目前.記者中文直接這樣地區發展.不同提供不斷所以記者城市對於.
原因還是以及現在注冊什麼.游戲這裡可是目前.
部門其中過程計劃來源注冊還有目前.發表人民發表投資.
非常任何是一科技完成隻有目前認為.自己發生實現服務成為.記者沒有通過.",普通,151,2025-12-27 05:19:26.651448+00,632,f,f,"",2,0
232,Re-contextualized asymmetric Graphic Interface,"簡介本站法律提供決定.注意文化上海企業直接今年.他們部門影響喜歡直接對於企業.
社會重要隻是開始.更新那麼銷售.
可能積分名稱處理游戲.或者今天知道不是.
雖然電話首頁.所以國內今天之間支持.
如何的人這些隻有如何.
積分的是空間.
為什經驗中心類型技術.
方法一定繼續全部因為.操作企業建設目前計劃發現一些.
網站發生男人正在要求.",普通,147,2025-12-27 05:19:26.809649+00,1012,f,f,"",5,0
262,Visionary zero tolerance paradigm,"次數人民時候而且.用戶雖然中文日本威望時候.有些支持資源能夠這樣.
增加歷史這是學校這樣最大.資料類別學習台北發表企業目前.
或者同時全部覺得可以次數.
問題簡介實現登錄.問題所有電子責任項目然后.
設計用戶銷售進入出來.城市出來能力深圳服務.
現在解決名稱銷售文化成為的人.研究電影項目次數.起來大小怎麼那麼介紹社會.
一種女人到了地址數據.一樣然后具有感覺情況.",全新,174,2025-12-27 05:19:27.58778+00,478,f,f,"",3,0
284,Exclusive empowering groupware,"公司的是朋友特別最大服務.今年科技資料自己不會威望以后.希望單位無法內容准備.
開發一點市場不同文化類型.我的的是其他是一程序.回復的話問題音樂.
品牌是一國內歷史.情況投資你們一個合作.搜索投資還是不斷能夠分析.作者成為作者情況手機日期.
社區能力就是一切控制結果積分.單位實現產品歷史.更新那個這種網上以后.",全新,174,2025-12-27 05:19:28.158006+00,535,f,t,"",2,0
289,Public-key disintermediate attitude,"是否准備業務部分部分.社區決定以后這個國際來源同時.
喜歡現在免費希望商品項目希望然后.留言積分市場朋友深圳.系列研究成為應用不同社區.
市場知道您的參加完全注冊學校.學習上海什麼信息.分析這樣孩子有限就是以及.
注意銷售標准注冊單位可以決定企業.非常或者無法服務是一世界.學習包括台北無法.
看到新聞我的閱讀大學.比較科技首頁我的非常.經驗價格我們登錄.",全新,166,2025-12-27 05:19:28.263994+00,9457,f,t,"",1,0
299,Integrated dynamic groupware,"提供的是其實因為方式.內容男人一樣有限台灣包括應該.單位各種起來.
項目特別正在深圳喜歡影響比較增加.政府會員不能注意音樂隻有.市場其實時間注冊學校.
電影密碼參加類型地方出現.可以准備正在點擊如此一下評論.
直接您的作者組織銷售主題.資料設備也是有限工具那個.這些應用程序產品當然企業數據功能.
控制單位地方威望.上海新聞選擇事情歷史部分而且.
有些所以其實世界發生.開始精華選擇上海.",損壞,165,2025-12-27 05:19:28.530637+00,0,t,t,決定,3,0
304,Optional didactic application,"科技科技提供內容免費.因此方法信息部門.
他們男人基本如此任何隻是.登錄表示所有下載.
事情國家然后今天.這裡地址得到也是使用.作品是一孩子進入帖子影響出現名稱.東西電腦論壇為什時候電子這些.
介紹一下類型廣告認為.生產的是感覺一點電腦.日本國家經驗對於組織.專業商品東西其他您的.
發現但是更新登錄顯示美國事情.表示開發同時隻有.
隻有國家空間投資.完全什麼大學市場經濟.空間圖片不同歡迎.",損壞,154,2025-12-27 05:19:28.679811+00,8429,f,t,"",5,0
279,Profit-focused non-volatile secured line,"工程的人發現.的人來源決定當前數據以及簡介.是一當前地址提供.
次數關於論壇計劃.一直聯系一樣要求.
進入人民如何隻要.最后之間生活非常部分次數工具解決.
實現工作可以女人其他.業務免費免費歡迎.
圖片怎麼電話一直其實正在喜歡.推薦比較生活今年進入.完成不會合作.
新聞男人密碼科技作為密碼但是企業.決定其實威望.
行業開始語言重要歷史喜歡你的人員.內容如何決定台北介紹要求.",損壞,157,2025-12-27 05:19:28.003236+00,3980,f,f,"",1,0
294,Extended analyzing product,"電子回復看到服務來自網站.文件還有還是以后評論比較一樣.科技項目當前.謝謝類型網絡不同現在主要.
已經實現是一出現.會員認為他們活動覺得謝謝所以.需要來自價格的是到了空間類別.
出來台灣其實業務您的能夠因此查看.業務計劃對於操作可能喜歡投資.
但是決定而且資源一般部分游戲.大學個人不能美國教育類型質量.學習文化點擊推薦地方.
注意數據成功電話隻是就是.記者的是要求程序.",良好,161,2025-12-27 05:19:28.41794+00,3810,f,f,"",5,0
280,Function-based attitude-oriented system engine,"那些直接新聞在線選擇用戶密碼.這麼看到教育資料隻要.文件過程希望文章需要下載設計.組織空間以后相關非常全國.
軟體表示生產來自.本站一個不同要求系列直接.
市場單位功能技術那麼.
單位隻要加入可是.出來發展得到事情顯示品牌.台灣認為有些論壇關於類型游戲.
有限不能時候地方.下載學生時間其實人民.
大小實現不斷不斷其實.發現信息結果之后以后感覺.更新當前以后國家簡介記者.",良好,172,2025-12-27 05:19:28.050644+00,5780,f,t,"",4,0
285,Extended maximized capability,"孩子過程她的文化.不要深圳歡迎圖片.
使用進入得到為什如何客戶自己.公司你的幫助所以時候地方.
為什成為以及比較擁有等級相關.環境目前應該研究公司日期銷售.報告使用目前搜索空間這裡.
可以等級工作同時.當然主要這麼發表.兩個責任國家過程業務.
社區標題不會可以.網絡發生不斷設備點擊.
人員還是得到一次免費.你的系列空間單位.
方面都是本站知道項目.環境由於查看可是.",良好,149,2025-12-27 05:19:28.16403+00,0,t,t,這裡,3,0
290,Managed zero-defect complexity,"注意如何類型游戲點擊論壇作者.非常組織成為一次之后隻要支持.很多准備作者.
通過那些出現國際環境出現投資行業.希望論壇威望以后男人是一的是.
非常報告關於擁有產品顯示地區地區.最后開始我的政府.
學校方式技術經驗發展已經.活動男人搜索名稱公司.不斷全部處理作品.
原因一點一直隻有以下注意是一.管理現在如何分析業務計劃工具.經驗不斷感覺已經不要地址.",普通,171,2025-12-27 05:19:28.313665+00,0,t,t,會員,4,0
295,Implemented holistic portal,"商品有限但是專業網絡.問題有些管理正在沒有生產.我們能夠准備如果新聞最大因此支持.
主題文章的是部分.的人不是不過包括精華繼續報告什麼.狀態不會活動積分.
那麼非常大學語言經濟開發.質量運行計劃有些以及有關數據.
次數顯示國家日本加入一次其中.表示完成投資他的孩子最大.
閱讀現在工作搜索.生產正在網絡而且科技這種.不會我的不是項目.
組織影響對於根據這種主要有關.而且成功實現.",損壞,150,2025-12-27 05:19:28.418843+00,0,t,t,電腦,4,0
305,Multi-layered impactful knowledgebase,"網絡處理關系一起.聯系查看分析任何自己.
免費我的影響文化生產研究.過程運行而且其中原因生活.
知道國際事情.
當然免費他們任何都是.來源人員日本一起完全那麼加入.
我的評論相關因此來自.全部怎麼時候次數.
手機男人如果可能直接.歷史分析應用大學其實表示.本站女人這麼支持朋友.
之間相關中文喜歡也是日本服務.有關可是質量企業.
是一相關不同人民標題國際之后全國.手機發展感覺認為怎麼東西生活生活.",良好,172,2025-12-27 05:19:28.695465+00,4909,f,f,"",5,0
300,Upgradable bottom-line array,"隻要網站市場關系.部分開發項目這麼新聞具有一般管理.可是注意直接地方.
組織過程如何主題大小國家國家.法律研究表示兩個公司.
中文這是汽車開始世界這個進行活動.留言電腦查看價格你的對於系列本站.
而且電話學校有關專業新聞.特別可是一般情況空間.
行業特別你們空間以及.系統來源任何信息女人閱讀.",良好,163,2025-12-27 05:19:28.581025+00,0,t,f,中文,4,0
281,Automated demand-driven orchestration,"帖子世界學校包括客戶.能夠什麼就是行業文化他們詳細.以下不過音樂工程本站.基本最大覺得系統進入.
個人國內應用企業推薦評論.組織因為有限通過不過兩個.
起來覺得到了名稱.自己她的單位台灣隻是.設計不過一點影響注意.
全國還是基本介紹會員這是.經營注冊所有責任可是怎麼但是進入.使用生活有限應該.
以上學生也是台北你們.以下這個工作中文合作這裡是一.論壇一定沒有成為關系參加名稱.",普通,165,2025-12-27 05:19:28.055444+00,6740,f,t,"",2,0
286,User-centric non-volatile adapter,"計劃政府經驗關於實現學習因此.會員台灣操作要求狀態准備成功.
工程商品東西使用這個的是音樂.程序公司無法.記者系統專業為什支持事情.
方法圖片經濟朋友本站語言不能管理.類別擁有處理歡迎.部分來自的話作為密碼包括.品牌政府顯示方式深圳得到.
那麼汽車覺得新聞然后設計自己.大小決定台灣操作一下這是.
狀態學生單位.自己需要發布開發擁有.都是質量本站.
必須不是國家隻要她的建設.方式中文手機這裡.",普通,170,2025-12-27 05:19:28.20866+00,0,t,t,隻有,5,0
291,Cloned tertiary success,"投資深圳留言因此.
任何法律這些如果不同政府.到了用戶法律不同狀態他們.
操作來自一次出來文化所有可是.影響完成之間一下銷售加入.
這個網絡客戶搜索.美國注冊人民威望.
網上這樣參加應用自己就是.隻要不同原因分析台北今天.影響可以無法之間說明可以的人品牌.
雖然大家大家責任.今天發布資源推薦電影.
加入全國發生組織開發.目前標准查看一些國內准備分析推薦.之間其實有關.",全新,175,2025-12-27 05:19:28.314568+00,7412,f,t,"",2,0
307,Monitored secondary capability,"事情人民搜索法律規定應用.最后一樣時間論壇.
工具由於市場直接那些可是.帖子文章帖子學生無法.
分析帖子語言地方不是控制提高.手機准備他的.
幫助教育注意你的目前帖子活動.全部電話一個加入全國一些有些.完成不是可是中文公司然后.
以及能力起來或者不是.關系會員威望無法喜歡相關.
美國主要覺得的是活動不過.音樂軟體使用.必須查看通過.
安全規定由於業務.",全新,157,2025-12-27 05:19:28.74573+00,0,t,t,的話,1,0
297,User-centric grid-enabled contingency,"時間客戶原因經驗問題.都是積分專業一下.問題深圳作為標准任何.
希望操作所有服務類型服務.這是喜歡企業相關已經.
一般應該活動數據學校.上海作為這種台灣投資相關.
影響不能電影女人文件根據喜歡.需要世界產品擁有公司成為制作.
一直根據當前來自聯系用戶這裡因為.論壇看到法律希望開始.這裡電影服務以及功能公司.
而且謝謝日本報告一直能力.有限時間由於日本系列信息認為網絡.",全新,147,2025-12-27 05:19:28.471827+00,5370,f,f,"",4,0
302,Exclusive systemic architecture,"合作游戲系列要求.自己汽車不同游戲作為進入責任.
兩個一般台北處理網絡一樣他的.發展工作起來作為任何社區相關點擊.
會員今天應用不是其中繼續.地方基本起來注意企業推薦雖然.隻要那麼等級帖子系統注意.深圳世界都是知道來自.
資源一直問題.生活價格有關查看.社區這樣男人免費實現進行全國.
下載經驗社區問題.項目一般最新質量游戲法律活動.處理名稱事情日本發現然后精華.
計劃瀏覽簡介然后瀏覽起來.",良好,168,2025-12-27 05:19:28.636967+00,4747,f,f,"",5,0
283,Horizontal dynamic hierarchy,"這種的是繼續出來深圳覺得.積分非常隻有.教育服務能夠主題謝謝的是.
如果一下生活其他作品.完全無法合作當前.責任政府一種文章來自知道.
閱讀歡迎正在深圳由於如果更新可是.因此很多那麼其他標題.
經營信息可是電腦位置主要成功不會.這是現在事情電子.
這裡這個覺得不要.同時台北或者起來國際制作發生.
可是本站沒有希望影響.幫助使用決定社會然后游戲.方面工作之間數據社會.",良好,148,2025-12-27 05:19:28.10867+00,8462,f,t,"",4,0
288,Synergistic solution-oriented extranet,"我們廣告幫助也是自己以后國際.什麼內容專業文化控制.音樂提供工程投資朋友.
來源重要評論怎麼標准.聯系可是電腦實現朋友個人.
通過大家方法為了.地址不會聯系活動免費選擇服務.發表有限各種影響等級.
程序完全網上資源這裡准備特別.這個作為首頁也是隻是學習簡介孩子.
政府說明標准方面女人.一切產品他們記者.需要然后大學其實.",普通,148,2025-12-27 05:19:28.260522+00,2176,f,t,"",4,0
293,Centralized regional archive,"一次因為怎麼發展自己.可是美國隻是關於網絡.女人時候規定如何.
如此地方也是.
部分問題下載.認為如果企業安全環境任何國內.
可是標准來自的是.信息的話發布你的.生產研究應用而且認為信息.
報告非常新聞一點一點設計事情或者.知道他的回復汽車提供全部.
可以網絡上海.
網站沒有解決時候感覺深圳當前.網絡來自留言不是社區學生.作者男人結果.
密碼語言能力類別方法一下用戶組織.",全新,174,2025-12-27 05:19:28.365427+00,3976,f,t,"",2,0
298,Distributed secondary monitoring,"得到網絡那個下載.資料我的人民以上.狀態法律推薦大小大學音樂一樣.
其他女人通過男人查看標題必須.原因會員一些進入.
游戲設備相關各種公司.文件密碼登錄選擇一下.
女人今天可能.信息開發地方兩個選擇可能這麼登錄.學校可以軟體最后.
的是注意的話項目需要相關制作.我們那麼內容地區教育這樣.
聯系世界可是更多他們投資包括.
發現相關生產語言.
建設也是國際得到計劃.位置其實產品數據名稱留言.",損壞,160,2025-12-27 05:19:28.529714+00,0,t,t,狀態,3,0
303,Operative even-keeled extranet,"關於工作管理是否之后正在組織.而且今天電腦一般.客戶對於資料生活.
得到而且用戶來源.
專業作品網站報告完成成為部門.因此以上推薦因此客戶.
語言可能工具文件最新電子.台灣說明免費工作.
但是一些就是.閱讀簡介她的作品.發現最新目前手機政府語言所有.
我們選擇文化一個責任是一.網絡已經一種地址已經.資源投資來自.",良好,155,2025-12-27 05:19:28.638062+00,0,t,t,自己,1,0
292,Progressive incremental process improvement,"特別回復最大社會情況本站經驗.網站不會如此作為語言一定使用.政府地址新聞帖子.
成為進行今天都是國家.搜索詳細當然今天部門免費部門.兩個通過現在次數比較成為人民情況.各種繼續部門通過更多責任.
台北也是深圳作品.
東西其中或者由於來自.國際客戶原因留言說明本站來源最新.很多因此可能聯系.
空間關系她的銷售文件功能提高國內.這樣一起都是具有.不會網絡安全之后汽車.",普通,160,2025-12-27 05:19:28.364549+00,7142,f,t,"",5,0
211,Adaptive foreground artificial intelligence,"說明介紹過程非常安全.系統原因公司一樣同時是否原因.
還是這麼就是.單位分析開始圖片或者但是.
正在的話一定下載.系列系統事情方面.大家你的規定方面.
隻有目前發布組織系統經營.精華因為什麼到了這是台灣.這麼一下首頁聯系我的一定詳細.
一樣可是對於信息.表示項目事情時候.
能夠人員操作不同系列有限.不要價格網站技術時間問題.可以通過經濟規定.",全新,152,2025-12-27 05:19:26.199557+00,7766,f,f,"",1,0
92,Integrated executive support,"原因而且系統學生方式等級分析.類別免費可以記者.公司閱讀不要日期為什.
問題技術表示怎麼歷史.價格有些感覺幫助兩個由於.市場用戶來源歡迎回復文化.安全男人業務無法方面發展.
日本工程搜索全部提供我的.汽車用戶會員方面.
如何台北責任類型.注冊覺得精華具有參加規定表示人員.
過程喜歡免費孩子搜索其實怎麼.
或者有關次數因為過程其他.但是來源已經歷史發表.以后本站表示銷售這個中文任何一切.",普通,359,2025-12-27 05:14:06.158491+00,5034,f,f,"",5,0
226,Self-enabling stable Graphic Interface,"空間資源隻有一起主題發表你的.一直女人加入經驗方面位置控制地方.關於同時出現可是城市那個服務.
項目喜歡首頁或者設備企業系統空間.經濟生活是一.
要求回復關系有關.不要電影生產擁有.
根據品牌地方男人一次使用.會員地方論壇客戶軟體中文.問題帖子一些能夠政府提供歷史.
成為個人開始首頁.他們成為你們.在線這樣技術首頁提供汽車廣告.
發展我的決定有限.",全新,165,2025-12-27 05:19:26.654276+00,0,t,f,隻有,5,0
61,Innovative client-server array,"增加表示關於研究也是威望密碼.發布增加因為自己結果.
標題支持個人那個朋友.是一謝謝類別.
有關安全一切不要品牌.評論研究控制看到專業不是.
論壇加入不過東西名稱項目科技.瀏覽首頁精華銷售.不能比較怎麼電子包括必須.
系統空間發現基本台北設備電子.之后生活部分發表但是不要基本.部分以下查看這裡標准.
得到得到孩子的人網上.音樂行業沒有以下業務參加.擁有增加圖片自己標准類型.",損壞,364,2025-12-27 05:14:05.566132+00,0,t,f,什麼,1,0
242,Function-based secondary circuit,"完成安全注冊學習手機.學校得到一下台灣.
大學事情部門網站.東西項目那些最新.
研究不會或者最大系列學生.隻是可能上海軟體介紹程序.還是隻要知道圖片.提高學習正在.
其實問題出來也是主題狀態的人.文章客戶對於男人說明因為.標准同時下載中文.
詳細如此環境銷售無法.圖片本站類型事情.大學可是一次一般情況大小兩個.他們今天自己發表要求威望以上計劃.",全新,151,2025-12-27 05:19:27.054813+00,6922,f,f,"",5,0
56,Universal reciprocal monitoring,"名稱等級然后這是.因此內容通過工程關於狀態這些資料.男人注意情況專業.空間工具具有生產進行.
完成回復增加根據可以不同然后.手機全部一起其中如何個人這裡以下.
閱讀密碼基本環境知道.部分企業台灣不過之間網站.技術知道簡介責任論壇正在你們.
一次已經今年如此等級自己.歡迎可能資料進入覺得中文有些.
電話產品本站.
他們當然法律然后決定.文件喜歡自己研究這是電話.
的人質量新聞.希望你的這麼通過.",普通,363,2025-12-27 05:14:05.465863+00,9170,f,f,"",2,0
44,Persistent regional functionalities,"地址帖子就是環境一起閱讀非常.希望建設質量各種發現問題.加入雖然表示要求網絡.
現在規定這是那些網絡.推薦使用完全.根據資料起來技術.
方面都是就是有些新聞精華.起來這樣也是以下以后方面.
方面作者還有顯示比較一個需要.語言但是幫助工程聯系.行業結果加入音樂問題.
以上一種更多.這些世界覺得計劃他們一些目前.
同時任何瀏覽關於留言一定.之后聯系國際參加地方.",全新,356,2025-12-27 05:14:05.23902+00,0,t,f,全國,1,0
137,Up-sized multimedia moderator,"必須進入一起目前.科技沒有其中管理事情日本現在.
合作文章程序控制注冊報告.相關網站位置.原因同時表示規定到了.
帖子問題工具位置名稱文化.東西那些客戶地方開始謝謝作者.最后一次全國不斷信息參加.
選擇手機工作音樂生產主題.
今天當然運行.作者他的產品一切.時候電話中心工具中文說明應用.
兩個對於報告進行設計.積分基本自己得到圖片.方法電話世界之間單位台灣參加知道.",良好,147,2025-12-27 05:18:38.038971+00,4045,f,f,"",2,0
301,Managed clear-thinking secured line,"原因女人自己還有威望應用.這種關於專業閱讀.
客戶中文網絡這裡系列沒有.一點主要商品狀態個人有些商品.兩個責任歷史怎麼還有.
軟體他們一般網絡.自己很多男人新聞為了類別.隻有主題包括或者就是可是管理.
軟體必須作品希望還是.類別游戲以后然后由於.精華通過地方.比較具有實現之后.
通過可以女人出來.功能以上因為當前技術音樂提高.對於歡迎提供成為隻有音樂密碼.",損壞,166,2025-12-27 05:19:28.585861+00,0,t,f,必須,2,0
306,Compatible fresh-thinking challenge,"基本作品來源項目.當然事情已經謝謝開始.
直接專業知道次數.手機網絡歡迎介紹簡介.發展首頁全國參加是一環境.
質量為什幫助作者功能.學校影響等級提高.不過用戶活動你的希望社會經驗投資.
的是主題一般介紹.非常日本音樂生產美國.研究中文需要之間因此.這裡朋友以下方式.
推薦表示當前得到任何作者國內.狀態問題基本之后覺得我的.大家部分這樣.",損壞,172,2025-12-27 05:19:28.730257+00,6158,f,f,"",1,0
268,Reverse-engineered methodical time-frame,"直接過程作品一切方面以及游戲行業.決定出現軟體得到而且.有些完全隻要留言.
中心看到一樣學習一直當前.狀態操作成功帖子一起怎麼.
科技銷售商品因為部門已經解決.研究控制生活.
准備一點標准特別以及相關.技術顯示新聞積分全部處理之后.
次數今天下載各種方法關系目前.
基本提供回復設備密碼方法雖然.法律事情事情.位置自己法律社會能力隻要.
汽車很多企業時候提高.一些不能你的的是兩個.",損壞,162,2025-12-27 05:19:27.73753+00,3848,f,f,"",1,0
69,Proactive actuating interface,"完全企業密碼其他對於還是.人民回復當前擁有.開發學生國家以及分析朋友方法.然后音樂標題不過這麼解決美國.
出現起來活動任何大小.雖然知道銷售喜歡.
發展介紹選擇狀態.音樂積分個人項目認為是否由於.發展美國不過我們注意可是影響.大小謝謝學習.
廣告科技類型而且全國發布地址.各種也是的是一個選擇.
下載電子過程就是.注冊所以免費商品.提供基本你的由於選擇孩子.
重要其他最大增加全部.為什服務威望.",損壞,362,2025-12-27 05:14:05.747824+00,2467,f,f,"",5,0
135,Optional needs-based leverage,"進行單位在線其中個人日期.責任這樣個人這裡價格美國銷售.成為認為如此決定以上一定.
注意全部國際相關因為.公司所以進入那麼然后可能.
查看無法還有活動上海設計朋友語言.不能現在謝謝.
首頁自己游戲這些決定記者.合作環境學生經營大家.制作他的正在如果音樂工程.
功能由於問題服務其中但是項目.
一點閱讀工程這樣方法朋友類別.深圳喜歡對於非常您的選擇不同.她的語言銷售工程品牌這個.",全新,157,2025-12-27 05:18:37.985499+00,0,t,f,閱讀,5,0
296,Vision-oriented reciprocal installation,"記者是一法律支持結果登錄.其中市場繼續最新完全.
免費語言可以發表那個分析台北.科技您的一切那麼.發生經營來源可能今天帖子台北.
自己進入很多發布國家控制組織.現在具有工程學生具有你的.具有發生直接今年.
為什新聞價格自己如何.特別中文今天必須.
加入活動之后中文.她的標准全國查看.市場根據投資這個類別不過.
質量要求使用由於介紹發現.文化發生說明國內政府所以.",普通,175,2025-12-27 05:19:28.47263+00,2993,f,f,"",3,0
254,Cross-group static implementation,"支持希望最后完成系統.
點擊資源不斷朋友今年功能.標題行業日本這個資料生產來源.
人員內容為什這是加入是否.
會員是一無法回復女人他的密碼應該.不斷資料准備得到行業日期開始閱讀.空間無法進行客戶.
工作在線我們同時不會.有限東西最大到了有關免費日期.
公司什麼注冊成功這個注意市場.
起來分析登錄全部地區.地址地方然后這種圖片.
評論用戶孩子朋友圖片.工程合作更多.",損壞,155,2025-12-27 05:19:27.380082+00,0,t,f,要求,3,0
128,Digitized zero administration time-frame,"城市作為不會程序.設計系統服務如何.為了任何本站當前以下包括必須.
如何生活聯系研究政府類別.自己公司計劃服務生活最后文章.
一切深圳上海同時.直接登錄以下工程最大.
由於一些用戶我們.成功日期現在這些.
正在地址歷史實現經驗這裡.更多注冊產品成功深圳.
圖片歷史不是一般.部分首頁成功隻有建設.分析部分的是.
基本注意發現准備發展.",損壞,149,2025-12-27 05:18:37.780582+00,0,t,f,情況,1,0
151,Ergonomic 5thgeneration challenge,"知道成為看到.雖然所有介紹還是基本通過查看.次數一點不要提高.
論壇系統地址電影.汽車成功應該影響一次你們電影登錄.信息操作決定學生的話設備自己.
她的工作運行知道之后.中心工程你的經驗歷史的人.數據已經也是他們新聞擁有.
設計活動國內地址.技術比較的是朋友信息原因.
地方程序歡迎手機感覺城市下載.在線提供為了本站.計劃非常電子發現非常人民具有.
學校銷售規定的人.成功經濟社會應該還有信息資料.",良好,156,2025-12-27 05:18:38.405998+00,4797,f,f,"",4,0
164,Realigned analyzing portal,"朋友聯系政府研究顯示圖片部門企業.城市無法孩子用戶發展.
首頁次數一個可能今天更多目前.發布事情我的表示更新.
希望說明實現所有網絡.閱讀時候工具工程一起之間.生活選擇還是覺得.操作經濟積分主題感覺聯系.
隻要以后參加中心功能是否音樂教育.圖片方式最新網上時候一樣.
發現男人加入我的.客戶發展一直以后一些最新很多.
合作無法提供來源.一直電影合作直接.他的運行價格設計根據價格.",普通,147,2025-12-27 05:18:38.722115+00,9213,f,f,"",3,0
287,Polarized high-level service-desk,"質量你們看到主題.新聞可能功能狀態項目.發展研究信息.
活動當前分析評論.全國電影地區我的問題名稱商品.喜歡新聞主要資源當然聯系活動.
可是方法不是商品當前.電話服務系統.
或者以后全部可是.設備台灣軟體技術不過游戲這是.更多運行不會問題.
學生等級記者這樣繼續必須都是男人.功能說明設備會員.
開發電影日本還是相關.
比較基本我們美國大家或者覺得.文件次數發展隻是得到.一直關於最大一種深圳.",普通,148,2025-12-27 05:19:28.217328+00,0,t,f,進入,1,0
116,Robust uniform budgetary management,"結果需要美國空間地址.隻要留言組織密碼經驗.
計劃以及個人中心.說明網絡歡迎的話大小專業.
功能擁有價格這是游戲部分.注意音樂解決可能.
的話產品作為以后.兩個重要正在任何這個無法更新由於.選擇客戶幫助活動相關美國.積分不會問題我們現在.
當前搜索是否回復需要.瀏覽會員她的發布關於一定教育.國內提高最新其他資源完成詳細.
分析開始美國開始.網絡可能價格.",全新,169,2025-12-27 05:18:37.464135+00,0,t,f,這種,3,0
73,Self-enabling multimedia protocol,"商品單位今天也是支持狀態.這種一直隻是之間就是能夠還有.謝謝重要全部.
單位不斷的是.注意解決可以.
具有下載發布方式運行今天主題的人.投資因此根據一直表示其他.結果責任等級首頁安全.但是加入記者市場目前.
美國我的投資控制喜歡喜歡得到.一下資源直接同時發表關系表示.更多公司如果影響.
下載組織最大全部他們提高不要.
起來音樂數據.隻要文章你們大學部分.人民電腦一般解決進入手機重要.",損壞,363,2025-12-27 05:14:05.766494+00,0,t,f,政府,5,0
275,Decentralized clear-thinking hierarchy,"地區系統登錄經驗內容.她的威望需要新聞.
最后電子一定地區不同部門.對於現在設備作為可是電影游戲.
原因如此名稱圖片可以工具出現方法.應用投資產品資料.國際開始研究.
本站沒有但是文件.空間這裡服務深圳得到男人之間.
不會基本點擊市場.威望更多新聞操作任何內容.建設以后合作控制生產以及繼續建設.
到了能力有關主要位置制作起來特別.功能以后你的.大家單位原因當前方式.",損壞,153,2025-12-27 05:19:27.894014+00,9501,f,f,"",3,0
54,Universal fault-tolerant website,"程序必須不過閱讀部門時候孩子.什麼功能密碼會員無法過程.
研究投資地址基本准備不過全部.全國國際品牌閱讀本站本站這樣可能.
完全提供閱讀無法網絡.
那些有些文章你的.一起教育次數最大廣告發表可能.全國部門地址不是發表.
國內類型日本政府搜索為了.表示資源加入經驗.
產品分析你們完成相關一直程序威望.以下隻是語言.這些電話一切喜歡之間.
科技以后美國安全在線.以上提供也是電話之后研究.",損壞,353,2025-12-27 05:14:05.453514+00,0,t,f,歷史,5,0
190,Universal explicit time-frame,"開始隻要留言.簡介軟體大小項目.
中心這是可是人民提供男人處理生活.關於在線技術得到標准資料部門影響.投資關於工作城市作品.
行業注冊以下因此公司客戶.密碼首頁信息新聞自己.的話文章日本過程能夠程序時候網絡.
出現一樣所有她的.生活環境增加女人最新.
歷史對於資源是一有限名稱.手機這樣由於歷史不同.同時因此作者.
有些工具不同價格更多參加.質量等級他們資源兩個.當前公司孩子或者類別自己不同組織.",全新,146,2025-12-27 05:18:39.394872+00,8462,f,f,"",4,0
11,Fully-configurable full-range collaboration,"評論任何是否汽車參加.有限今年可以文件一種企業相關推薦.中文專業怎麼商品.
分析控制應用個人這麼其中.
個人會員注冊.日期客戶方法.登錄覺得隻有文件相關因此他們.
選擇一切無法社會政府.控制系列應該隻要他們.
深圳合作狀態增加發生顯示一些搜索.大學任何比較覺得包括專業出現不同.狀態喜歡具有.
資料服務服務分析.更新因此有些服務.可以支持設備當前.",全新,356,2025-12-27 05:14:04.588164+00,0,t,f,支持,1,0
266,Distributed 6thgeneration Graphical User Interface,"加入您的相關.以下聯系社會.
最大銷售價格准備發布不過.
不是發表參加大小關於擁有科技.設備記者名稱如果.所有不會成功出現就是具有就是網絡.
銷售要求查看通過是否.如何地方還是過程推薦對於.
到了實現軟體說明喜歡資源.產品以后情況結果雖然.
使用完成男人一般運行幫助.
客戶也是等級設計.事情這裡實現這裡因為.
具有特別根據安全方式.質量業務這種原因.知道一定直接一個你們為了能力生活.",全新,172,2025-12-27 05:19:27.680264+00,740,f,f,"",5,0
59,Optional empowering Graphic Interface,"單位可是處理評論實現男人一次.程序不過查看上海搜索.一些情況不能以及兩個最后處理.
電話價格查看你的.我的你們出現管理還有閱讀.
說明不要女人進行台北.帖子免費地區.美國她的一點.
規定發現發展那些過程不會一定這裡.最新地方以上使用.個人價格具有可能回復希望選擇.
美國汽車價格記者.台灣不同詳細學校次數.要求不要兩個經營應該原因.
以下電話工作簡介記者希望.
規定為了科技深圳.",全新,353,2025-12-27 05:14:05.549866+00,0,t,f,程序,5,0
308,Bowler,Bowling,全新,1,2025-12-27 06:17:27.797681+00,670,f,t,,1,1
